title,titleUrl,subtitles/0/name,subtitles/0/url,time
Watched וקטורים - 26 - משוואת מישור במרחב,https://www.youtube.com/watch?v=x5rkLMi9wlA,Technion,https://www.youtube.com/channel/UC4_i7cYMdM0MkP-2ywVlhKQ,2023-01-05T18:23:28.122Z
Watched וקטורים - 27 - מציאת משוואת מישור,https://www.youtube.com/watch?v=jmCGdJjoMYo,Technion,https://www.youtube.com/channel/UC4_i7cYMdM0MkP-2ywVlhKQ,2023-01-05T18:21:17.288Z
Watched كيف تتخلص من فقدان الرغبة للدراسة ؟,https://www.youtube.com/watch?v=E6xPeN5o0IA,Saif Nasser,https://www.youtube.com/channel/UCEhsRJ5BgAi63gLi_wMqSWQ,2023-01-05T06:48:38.154Z
Watched فقط في أشهر تعلمت اللغة الإنجليزية من الصفر والأن أصبَحَت كلغتي الأم 👨🏼‍🎓 | تجربة شخصية(ِ A1➡ C1),https://www.youtube.com/watch?v=ITXezllE-LE,يوسف تحسين,https://www.youtube.com/channel/UC2LVicB0nPErT8HSisCD3qg,2023-01-04T09:40:45.817Z
Watched How I Study 12 Hours a Day With 100% Focus,https://www.youtube.com/watch?v=eP8JhBvJu0k,Mike Dee,https://www.youtube.com/channel/UCl2d5Qgfcactbzkfpp0ayug,2023-01-04T04:10:36.378Z
Watched how I studied for 12 hours a day for over a year,https://www.youtube.com/watch?v=kICh_d6tHQk,James Scholz,https://www.youtube.com/channel/UCMwo6hT5hI3R56rO2HYP-wQ,2023-01-02T21:02:35.516Z
Watched احزر مين العراقي,https://www.youtube.com/watch?v=NQ63vKhD0_w,ALMojtama3 المجتمع,https://www.youtube.com/channel/UCZvBQYZwShZ-1wHsjEiTaZQ,2023-01-07T15:40:05.915Z
Watched أغرب موقف حصلي في حياتي #shorts,https://www.youtube.com/watch?v=BfwR2G_29RU,MahmoudIsmailTV,https://www.youtube.com/channel/UCdttmnJddGQZsXRL_DbqgWA,2023-01-07T09:03:39.539Z
Watched شاهد هذه الحاجة الفلسطينية من مدينة القدس,https://www.youtube.com/watch?v=HPyCD7hxP0E,مطبات - Mattabat,https://www.youtube.com/channel/UC5tm24VhUgv5DuUag0D0sMA,2023-01-06T20:05:37.762Z
Watched احزر مين : برا السالفة 😎,https://www.youtube.com/watch?v=auMQFuUkLD0,ALMojtama3 المجتمع,https://www.youtube.com/channel/UCZvBQYZwShZ-1wHsjEiTaZQ,2023-01-06T09:55:18.104Z
Watched عايزة تقعد مكانه في الباص - كيف حاجة وعمرك 70 سنة وحبلة؟ | #عماد_فراجين - مسلسل #وطن_ع_وتر,https://www.youtube.com/watch?v=wzJAdFpiH00,Aziz Sallam,https://www.youtube.com/channel/UC7vUSY5JKCdDGxty9X6-Cbw,2023-01-05T14:55:57.121Z
Watched شافته بعد 4 سنوات بنفس المكان #جيش_يزون #جيش_زيزو #shorts #fyp,https://www.youtube.com/watch?v=oZBRX9JJl3o,زيـزو ♡ .,https://www.youtube.com/channel/UCm1bfjvkyV5r-d9HzHhclKQ,2023-01-05T14:55:33.196Z
Watched عندما احتارو من هو رجل المباراة ⚽🔥,https://www.youtube.com/watch?v=qSRRV_GZZ2s,السفير سبورت - Alsafir Sport,https://www.youtube.com/channel/UCe2FXm6zEr5HLqa9SsD6yuQ,2023-01-05T14:55:23.108Z
Watched شركات التسويق ترفع قبعاتها احتراما 😂,https://www.youtube.com/watch?v=DDpUwhQDXHM,Dr sherif gamal,https://www.youtube.com/channel/UCNKd4eWZmofvOoWSB3-46Mw,2023-01-05T14:54:43.293Z
Watched وفرت 300 جنية بحركة بسيطه 💚 هتفيدك لو بتدرس 👨‍💻,https://www.youtube.com/watch?v=LH2YpQBHFBc,Syntax,https://www.youtube.com/channel/UCNMvR21W292doQIU326HQTQ,2023-01-05T14:54:11.370Z
Watched 2 января 2023 г.,https://www.youtube.com/watch?v=XIdUnj3FDQY,Настя фофанова,https://www.youtube.com/channel/UCl5SsfPNkIAE4jZKD5ata7w,2023-01-05T14:53:58.523Z
Watched لازم الدكتور يحس بمرضاه ♥️,https://www.youtube.com/watch?v=a3W5Zd54iCw,Dr sherif gamal,https://www.youtube.com/channel/UCNKd4eWZmofvOoWSB3-46Mw,2023-01-05T14:53:03.131Z
Watched كيف بقدر أزور فلسطين؟,https://www.youtube.com/watch?v=uXu_qFCOLi4,Saleh Zighari,https://www.youtube.com/channel/UCoMC1JBG_RP3aqpHLUGu_VQ,2023-01-05T14:52:29.500Z
Watched قصة حادث زوجة محمد عدنان 😱,https://www.youtube.com/watch?v=opI6bCujVes,YazanK يزن خضر,https://www.youtube.com/channel/UCRIZgdIdqiqNA6EW50yRGUA,2023-01-05T14:40:48.973Z
Watched رسالة من القلب 💙,https://www.youtube.com/watch?v=-UlejAFINeE,BanderitaX,https://www.youtube.com/channel/UCxEGVXh6fi-XYo58NZrbIHQ,2023-01-05T10:20:43.637Z
Watched بكاء بندريتا بعد وصوله 5 مليون مشترك,https://www.youtube.com/watch?v=1j4hXdfp5R8,بشبوش - bshbwsh,https://www.youtube.com/channel/UCWMxc0jedse-tc1-Mxgf-QA,2023-01-05T10:19:50.074Z
Watched سوالف الاندكروزر بالبر مع بطل الدرفت مسير بوشيبه #youtube #shorts #toyota #landcruiser,https://www.youtube.com/watch?v=AKAkOW6bBv0,Yabeela Motors - يبيله موترز,https://www.youtube.com/channel/UCa2pZk_jKOXp72ynLUssc2g,2023-01-05T08:44:50.581Z
Watched لا تنسى أصحاب الفضل #shahinshowcast #shahin الحلقه كامله https://youtu.be/6GaEQmpYakc,https://www.youtube.com/watch?v=TtcXo4g-UNg,Ahmed Shahin,https://www.youtube.com/channel/UCr8iNz_n_HJFtBxp7NUzg-g,2023-01-05T08:44:11.940Z
"Watched ""شبكات| شاعر ليبي يحرج حكام مسابقة ""أمير الشعراء",https://www.youtube.com/watch?v=lv3e8O2N1PE,AlJazeera Arabic  قناة الجزيرة,https://www.youtube.com/channel/UCfiwzLy-8yKzIbsmZTzxDgw,2023-01-05T08:18:44.016Z
Watched قصة بندريتا,https://www.youtube.com/watch?v=U94yu-uj108,BanderitaX,https://www.youtube.com/channel/UCxEGVXh6fi-XYo58NZrbIHQ,2023-01-05T06:05:40.364Z
Watched كيف تعرفنا انا و ايه على بعض؟,https://www.youtube.com/watch?v=dEPsadPXlXw,aboud jabari,https://www.youtube.com/channel/UCd0FgyBSfrOTqXFxMeMjjEw,2023-01-05T05:26:51.765Z
Watched الرجالة يعرفوا ايه عن الستات؟,https://www.youtube.com/watch?v=x8HqjqV3y-4,BingeCircle,https://www.youtube.com/channel/UCboi9tFaUpreNfGMBoZ339A,2023-01-05T03:34:41.502Z
Watched أنا مشجع إنجليزي في كأس العالم 🏴󠁧󠁢󠁥󠁮󠁧󠁿 #عمر_يجرب,https://www.youtube.com/watch?v=AckoN8vkDoM,عمر فاروق Omar Farooq,https://www.youtube.com/channel/UC7lfpgPpjx7YvuE12_UcGrg,2023-01-04T19:10:55.082Z
Watched أسوء ٥ جماهير في كأس العالم 🏆 #عمر_يجرب,https://www.youtube.com/watch?v=nw2o2gN543w,عمر فاروق Omar Farooq,https://www.youtube.com/channel/UC7lfpgPpjx7YvuE12_UcGrg,2023-01-04T19:06:49.798Z
Watched ! شو اكتر طبخة بتحبوها,https://www.youtube.com/watch?v=-HcGHvRXrC0,ALMojtama3 المجتمع,https://www.youtube.com/channel/UCZvBQYZwShZ-1wHsjEiTaZQ,2023-01-04T18:50:44.119Z
Watched Our life is about to change.,https://www.youtube.com/watch?v=iwzGsUfDHBE,Matt D'Avella,https://www.youtube.com/channel/UCJ24N4O0bP7LGLBDvye7oCA,2023-01-04T18:43:39.559Z
Watched ابدأ مشروعك من هوايتك بدون رأس مال - الجزء الثاني,https://www.youtube.com/watch?v=SaILY4sh9SY,دوباميكافين Dupamicaffeine,https://www.youtube.com/channel/UCJlu6BjPWHZhzuCc0zVME0Q,2023-01-04T17:07:03.261Z
Watched إبدأ مشروعك من هوايتك بدون رأس مال - الجزء الأول,https://www.youtube.com/watch?v=0WVH96586ws,دوباميكافين Dupamicaffeine,https://www.youtube.com/channel/UCJlu6BjPWHZhzuCc0zVME0Q,2023-01-04T16:41:14.617Z
Watched حكومة اليابان تقدم عرضاً مغرياً لمواطنيها لمغادرة العاصمة طوكيو.. لماذا؟,https://www.youtube.com/watch?v=lEdp2KdM06E,AlArabiya العربية,https://www.youtube.com/channel/UCahpxixMCwoANAftn6IxkTg,2023-01-04T03:48:04.653Z
"Watched يوتيوبر صيني يذهب في ""مهمة مستحيلة"" لتصوير معسكرات اعتقال الإيغور المسلمين!",https://www.youtube.com/watch?v=g7G-cp_GO_0,DW جعفر توك,https://www.youtube.com/channel/UC2KCI1AXQVx1_XJmykB7cHA,2023-01-02T21:08:16.975Z
Watched العربية راحت BMW F10,https://www.youtube.com/watch?v=2u9M6M2ibco,Kimo Rafea,https://www.youtube.com/channel/UC2hm5LH9YwKFMKPFaY8zN_w,2023-01-02T09:15:20.126Z
Watched تطبيقات لازم تكون موجودة على تليفونك في 2022 | GEEKNOWLEDGE,https://www.youtube.com/watch?v=8Lob2utYdAs,Walid Taha,https://www.youtube.com/channel/UCIL3YfRG2k7V9EDC3jzy-kg,2023-01-02T07:06:25.562Z
Watched story from alnoufali_7 محمد النوفلي,,alnoufali_7 محمد النوفلي,https://www.youtube.com/@alnoufali_7,2023-01-01T11:33:54.661Z
Watched story from Azdin Fotbal,,Azdin Fotbal,https://www.youtube.com/@Azdinfotbal,2023-01-01T11:33:53.340Z
Watched story from iimatheen,,iimatheen,https://www.youtube.com/@iimatheen,2023-01-01T11:33:19.618Z
Watched story from FT SHOW,,FT SHOW,https://www.youtube.com/@FTSHOW,2023-01-01T11:33:06.787Z
Watched أفضل ١٠ فيديوهات يوتيوبية عربية لسنة ٢٠٢٢,https://www.youtube.com/watch?v=IPXnfBGzZL4,MahmoudIsmailTV,https://www.youtube.com/channel/UCdttmnJddGQZsXRL_DbqgWA,2023-01-01T11:12:54.237Z
Watched 31 StatsAlgoFlowNetworks,https://www.youtube.com/watch?v=dlmdbpuaD5M,HUJI STATS,https://www.youtube.com/channel/UCGWBkkJ9nyb7kcF3f6-0lUA,2023-01-07T17:11:37.900Z
Watched 30 StatsAlgoFloydWarshall,https://www.youtube.com/watch?v=F0_YTXENCzg,HUJI STATS,https://www.youtube.com/channel/UCGWBkkJ9nyb7kcF3f6-0lUA,2023-01-07T16:43:57.469Z
Watched 29 StatsAlgoDijkstraProof,https://www.youtube.com/watch?v=nxVnU77GJlM,HUJI STATS,https://www.youtube.com/channel/UCGWBkkJ9nyb7kcF3f6-0lUA,2023-01-07T14:59:52.529Z
Watched 28 StatsAlgoDijkstra,https://www.youtube.com/watch?v=EvfBbtw-2eI,HUJI STATS,https://www.youtube.com/channel/UCGWBkkJ9nyb7kcF3f6-0lUA,2023-01-07T14:26:00.946Z
Watched Introduction to Dynamic Programming: Understanding Optimal Substructures,https://www.youtube.com/watch?v=LMELPA8J6LM,Programming Pathshala,https://www.youtube.com/channel/UC4uPfwRHPbYlmjNMiKIdWNg,2023-01-04T09:15:16.869Z
"Watched Algorithms Lecture 16: Greedy Algorithms, Proofs of Correctness",https://www.youtube.com/watch?v=XXBjf-7FmfI,Ghassan Shobaki Computer Science Lectures,https://www.youtube.com/channel/UCthr5rA6EA4c1S0L2OOiygA,2023-01-04T09:14:16.577Z
Watched Dynamic Programming | Set 2 (Optimal Substructure Property) | GeeksforGeeks,https://www.youtube.com/watch?v=JWTqsNvtwP4,GeeksforGeeks,https://www.youtube.com/channel/UC0RhatS1pyxInC00YKjjBqQ,2023-01-04T09:13:44.667Z
Watched Minimum Edit Distance Dynamic Programming,https://www.youtube.com/watch?v=We3YDTzNXEk,Tushar Roy - Coding Made Simple,https://www.youtube.com/channel/UCZLJf_R2sWyUtXSKiKlyvAw,2023-01-04T08:55:02.915Z
Watched 27 StatsAlgoBellmanFordProofs,https://www.youtube.com/watch?v=vMAtY6Y1vx4,HUJI STATS,https://www.youtube.com/channel/UCGWBkkJ9nyb7kcF3f6-0lUA,2023-01-01T14:31:36.851Z
Watched 26 StatsAlgoBellmanFord,https://www.youtube.com/watch?v=MW8zzgb3P3M,HUJI STATS,https://www.youtube.com/channel/UCGWBkkJ9nyb7kcF3f6-0lUA,2023-01-01T11:01:17.424Z
Watched 25 StatsAlgoShortestPaths,https://www.youtube.com/watch?v=S8kam22dsQA,HUJI STATS,https://www.youtube.com/channel/UCGWBkkJ9nyb7kcF3f6-0lUA,2023-01-01T10:30:32.639Z
Watched Hussein Al Deek - Ma'ik Aala Almot [Music Video] (2018) / حسين الديك - معك عالموت,https://www.youtube.com/watch?v=XXndoMK3Uf4,Hussein Al Deek,https://www.youtube.com/channel/UCfjfjgI6nIj5d6VMTpheQ8w,2023-01-07T17:34:45.676Z
Watched دحيه هي يا المزيونه 2015 جديد HD   Mp4   720p,https://www.youtube.com/watch?v=jQDDmWnd0K8,Mohammed Jaber,https://www.youtube.com/channel/UCM2ITftBpJCFcZ6t-Q8OcpQ,2023-01-07T17:33:54.818Z
Watched Marwa Loud - Bad Boy (Lyrics),https://www.youtube.com/watch?v=9tDzvJMXDRw,Vibe Music,https://www.youtube.com/channel/UChO8h2G8UjOVc081rgYU8XQ,2023-01-07T17:22:22.793Z
Watched والقدس تسكن ها هنا ❤️ #القدس_عاصمة_فلسطين_الأبدية  #القدس_لنا #القدس_عاصمة_فلسطين,https://www.youtube.com/watch?v=9N8tgfbBTwM,سديم I حقائق وأسرار,https://www.youtube.com/channel/UCwBMtmX0uAw2yeAy49KG_cQ,2023-01-06T20:05:52.928Z
Watched Saif Nabeel - Loo [Music Video] (2020) / سيف نبيل - لو,https://www.youtube.com/watch?v=l5dwntmqOLU,Saif Nabeel سيف نبيل,https://www.youtube.com/channel/UC51-7nXoc-Mlh0U7TF1Yo2g,2023-01-06T20:04:43.415Z
Watched Marwa Loud - Bad Boy (Lyrics),https://www.youtube.com/watch?v=9tDzvJMXDRw,Vibe Music,https://www.youtube.com/channel/UChO8h2G8UjOVc081rgYU8XQ,2023-01-06T20:00:57.380Z
Watched HOW TO BE A BAD BOY 😈,https://www.youtube.com/watch?v=Ijz36jEDJ5U,Alan Chikin Chow,https://www.youtube.com/channel/UC5gxP-2QqIh_09djvlm9Xcg,2023-01-06T20:00:49.852Z
Watched Mason Mount Edit - Bad Boy,https://www.youtube.com/watch?v=xZqfPKftH_Q,StrayaClips,https://www.youtube.com/channel/UC-9Z2YuIifMviNZ_c0Xi3SA,2023-01-06T20:00:23.069Z
Watched mason mount bad boy 🔥🥀,https://www.youtube.com/watch?v=WNeUGOF9J6A,ESLAMFOOTBALL,https://www.youtube.com/channel/UCg-QB4k34BQvBPQRI4ZNC_w,2023-01-06T20:00:06.862Z
Watched Suzan Hacigarip - Eklemedir Koca Konak (Cover),https://www.youtube.com/watch?v=O0uWPrI9_pA,Suzan Hacigarip,https://www.youtube.com/channel/UCdDeIV94_K3Vvp9LrpuRCaA,2023-01-06T19:59:54.793Z
Watched Imagine Dragons - Demons (Lyrics),https://www.youtube.com/watch?v=pNA08Cje0yM,a vast sound ,https://www.youtube.com/channel/UCoGPgUTWD0FolgNU2HthPDQ,2023-01-06T09:55:15.403Z
Watched احترق قلبي / مجد بركات 💙 #مجد_بركات #جيش_مجد #اغاني #قلبي,https://www.youtube.com/watch?v=otVxde5ghXA,majdbarakat_fans,https://www.youtube.com/channel/UCfRostogT2pTKtcOoTlm35A,2023-01-05T14:52:19.844Z
Watched ستوري مجد بركات _مجد وعلي تركو قمر بنص الطريق 😂,https://www.youtube.com/watch?v=iJwjxeT5oGY,بثوث المشاهير💥ومقابلات مترجمة,https://www.youtube.com/channel/UCIGqG3w0F__zPybPKA_L6Fg,2023-01-05T14:52:13.409Z
"Watched أغنية تركية ""يوك بير"" بصوت @majdbarakatofficial  صوت رائع 😍🔥",https://www.youtube.com/watch?v=qBxTfzSd02k,♡Dalal♡,https://www.youtube.com/channel/UC9S_QJlneYexYUxRUKakkig,2023-01-05T14:51:17.552Z
Watched شاب سوري مع بنت تركية صوته بجنن 😍|| احلى غنية تركيا بصوت شب وبنت,https://www.youtube.com/watch?v=nk-V68OV298,حلوشةCute,https://www.youtube.com/channel/UCHzquQB5J9Zr2go1zkQYgfQ,2023-01-05T14:50:23.274Z
Watched شب سوري يغني مع شباب اتراك بلغرام تركيه وعربي,https://www.youtube.com/watch?v=6pXWFUcqIhc,Mr joker,https://www.youtube.com/channel/UCs0BuPorvLOvFcTs4Oze3bQ,2023-01-05T14:49:32.803Z
Watched Majd Barakat -alo aleky (cover ) | مجد بركات -قالو عليكي,https://www.youtube.com/watch?v=Or2PT88oY-w,Majd Barakat | مجد بركات,https://www.youtube.com/channel/UC9zGj5QUWQA7JHoB2786fag,2023-01-05T14:49:26.389Z
Watched ظنوه تركياً.. شاب سوري يفاجئ أتراكاً بغنائه باللغة العربية بعدما شاركهم الغناء باللغة التركية,https://www.youtube.com/watch?v=wexCsGZKPZE,تلفزيون أورينت Orient TV,https://www.youtube.com/channel/UCZslGytOwaEEZPkiE4X47FA,2023-01-05T14:45:14.766Z
Watched Marwa Loud - Bad Boy (Lyrics),https://www.youtube.com/watch?v=9tDzvJMXDRw,Vibe Music,https://www.youtube.com/channel/UChO8h2G8UjOVc081rgYU8XQ,2023-01-02T21:31:11.206Z
Watched Stop Wasting Time on YouTube!,https://www.youtube.com/watch?v=uaGz82QEluw,Mike Dee,https://www.youtube.com/channel/UCl2d5Qgfcactbzkfpp0ayug,2023-01-07T18:11:49.990Z
Watched ماني ملتزم  - نصايح تقوي انضباطك,https://www.youtube.com/watch?v=8dLaGiJK1hA,عبدالله العلاوي,https://www.youtube.com/channel/UCUdtq-Fvlw7_NjzduNTZsbg,2023-01-07T09:58:08.017Z
Watched هذه الورقة هي السر (الشرح بالفيديو),https://www.youtube.com/watch?v=vTJJMQcYRJY,عبدالله العلاوي,https://www.youtube.com/channel/UCUdtq-Fvlw7_NjzduNTZsbg,2023-01-07T09:44:07.003Z
Watched How To Change Your Life In 50 Days | Project 50 Challenge 2023,https://www.youtube.com/watch?v=HWAt8j9WLB0,Tenzin Lhoden,https://www.youtube.com/channel/UCDbfqcnPehxKE9Rn3bMbjrg,2023-01-07T09:40:31.278Z
Watched Brand Campaign BOFU GetStarted 16x9 15s,https://www.youtube.com/watch?v=23Vf3YrKZdE,,,2023-01-07T09:15:53.407Z
Watched QUIT Instagram and ALL Social Media,https://www.youtube.com/watch?v=PdZc6jc215k,Super Creative,https://www.youtube.com/channel/UCIGFI4Khx4wA5I824eALSTw,2023-01-07T09:04:21.603Z
Watched تدمرت حياته في أصعب 90 يوم - قصة ملهمة,https://www.youtube.com/watch?v=i0A1QYw8fF8,عبدالله العلاوي,https://www.youtube.com/channel/UCUdtq-Fvlw7_NjzduNTZsbg,2023-01-06T14:33:00.322Z
Watched How to Build Self-Discipline: The Stoic Way | Stoicism for Discipline,https://www.youtube.com/watch?v=02o-gxQy130,Einzelgänger,https://www.youtube.com/channel/UCybBViio_TH_uiFFDJuz5tg,2023-01-06T12:54:23.646Z
Watched BOOKSTORES: How to Read More Books in the Golden Age of Content,https://www.youtube.com/watch?v=lIW5jBrrsS0,Max Joseph,https://www.youtube.com/channel/UCR0tBVaZPaSqmdqkw7oYmcw,2023-01-06T12:27:02.589Z
Watched Stop Studying. Start Learning | Justin Sung | TEDxUOA,https://www.youtube.com/watch?v=TQXMl4GycD0,TEDx Talks,https://www.youtube.com/channel/UCsT0YIqwnpJCM-mx7-gSA4Q,2023-01-06T12:23:42.032Z
"Watched NEW YEAR, NEW M...STOP (2023)",https://www.youtube.com/watch?v=hF0zqiiMgOk,Prince Ea,https://www.youtube.com/channel/UCDgUAAHgsV2fFZQm2fIWBnA,2023-01-06T12:17:30.654Z
Watched Quit social media | Dr. Cal Newport | TEDxTysons,https://www.youtube.com/watch?v=3E7hkPZ-HTk,TEDx Talks,https://www.youtube.com/channel/UCsT0YIqwnpJCM-mx7-gSA4Q,2023-01-06T10:23:42.038Z
Watched Ali Abdaal - The King of Toxic Productivity,https://www.youtube.com/watch?v=_z8M7oxjvdw,Dareios IV.,https://www.youtube.com/channel/UCGC97VugmI1kh8xhAZntsoA,2023-01-06T10:15:57.281Z
Watched Avoiding Toxic Productivity Advice for ADHD,https://www.youtube.com/watch?v=JsT3KPYJFl4,ADHD Jesse,https://www.youtube.com/channel/UCAnlyKaRztOIS1Gyvn2-O6A,2023-01-06T10:15:40.923Z
Watched روتيني الصباحي - 5 الفجر,https://www.youtube.com/watch?v=GUHf9zpKLl4,عبدالله العلاوي,https://www.youtube.com/channel/UCUdtq-Fvlw7_NjzduNTZsbg,2023-01-06T10:08:24.862Z
Watched أقوى نصيحة تغير حياتك من ناصر العقيل |#shorts #دوباميكافين_كتب,https://www.youtube.com/watch?v=L4i9tvYqVxg,ليان لنتغير,https://www.youtube.com/channel/UCwPVDiounV1eug0Bbid-z9g,2023-01-05T14:56:51.622Z
Watched How to Design Your Life (My Process For Achieving Goals),https://www.youtube.com/watch?v=Czru2CuWyxQ,ModernHealthMonk,https://www.youtube.com/channel/UCix7wE05YbRdOVUPNHy0KTg,2023-01-05T10:19:15.433Z
Watched Jordan Peterson - What Makes Overcoming Addiction So Difficult?,https://www.youtube.com/watch?v=bXYAWCAIqRE,Bite-sized Philosophy,https://www.youtube.com/channel/UCo9QgwWCNEhDxL1gH-jxa8Q,2023-01-05T08:45:06.838Z
Watched She screamed for her life on the 360 swing 😂,https://www.youtube.com/watch?v=xCE2H_1wBic,IAMJORDAN TV,https://www.youtube.com/channel/UC5fACj0eh0z9NDF9U14czfw,2023-01-05T08:44:04.621Z
Watched Andrew Huberman - How To Overcome Your Social Media Addiction,https://www.youtube.com/watch?v=1nFrHCT_SJA,Chris Williamson,https://www.youtube.com/channel/UCIaH-gZIVC432YRjNVvnyCA,2023-01-05T08:43:26.035Z
Watched 3 HACKS TO KILL PHONE ADDICTION❌ | Ankur Warikoo #shorts,https://www.youtube.com/watch?v=iekpz3Afq5I,Ishan Sharma,https://www.youtube.com/channel/UCY6N8zZhs2V7gNTUxPuKWoQ,2023-01-05T08:42:50.846Z
Watched Why I Quit YouTube,https://www.youtube.com/watch?v=7KtRiZ-wJns,Andrew Kirby,https://www.youtube.com/channel/UC8JNIm02zw8h_3NBrP_zsZA,2023-01-05T08:42:34.651Z
Watched YouTube Addiction? Do This! #focus,https://www.youtube.com/watch?v=lkZ296rQHQs,Nishant Jindal,https://www.youtube.com/channel/UCan6AI1ASU12XvVTom1WglQ,2023-01-05T08:42:32.255Z
Watched ⚠️ 5 Signs You're Addicted To Your Phone📱 - Dr Julie | #shorts,https://www.youtube.com/watch?v=43RbxUCizzY,Dr Julie,https://www.youtube.com/channel/UCl8TEoIOnMq_5ntJOYMq-Zg,2023-01-05T08:41:57.232Z
Watched How I Beat My Youtube Addiction,https://www.youtube.com/watch?v=ikI5qgwDB1U,🧠 Benedek Santa,https://www.youtube.com/channel/UCMQQEFFXV3CY4GchGwymktw,2023-01-05T08:40:18.494Z
Watched Addicted to YouTube? WATCH THIS.,https://www.youtube.com/watch?v=q_xm5Weu3nE,Andrew Kirby,https://www.youtube.com/channel/UC8JNIm02zw8h_3NBrP_zsZA,2023-01-05T08:24:51.834Z
Watched The Actual Benefits of Quitting Social Media (Dopamine Detox),https://www.youtube.com/watch?v=PS6QBarL9UQ,Maxwell,https://www.youtube.com/channel/UCNo6k0I6OV6eYZebVaogYUw,2023-01-05T08:13:42.669Z
Watched How to take back CONTROL over YOUR LIFE | Monk Mode,https://www.youtube.com/watch?v=56AD4lejvag,Iman Gadzhi,https://www.youtube.com/channel/UCQ4FNww3XoNgqIlkBqEAVCg,2023-01-04T03:43:32.144Z
Watched Delaying gratification will 10X your life quality,https://www.youtube.com/watch?v=rKMEkQ-e9I8,Sebastian Ghiorghiu,https://www.youtube.com/channel/UCZ59iKBmGRfQlnl73sOX0Lw,2023-01-03T17:19:34.046Z
Watched كيف تخلصت من ادمان الموبايل  (تجربة شخصية) خطوات بسيطة #اللعبة  #١٢,https://www.youtube.com/watch?v=atkAy_XYDKo,ثائر TG,https://www.youtube.com/channel/UCfLje18auyW9CG8YOBO4SDg,2023-01-03T14:12:33.985Z
Watched خطة ال 30 يوم 📱📵- كتاب كيف تقطع علاقتك بهاتفك؟ #أخضر,https://www.youtube.com/watch?v=bclLXd9qyOg,أخضر,https://www.youtube.com/channel/UCtUor2SqesPS3b_SMFtLT_w,2023-01-03T14:01:00.392Z
Watched تخلّص من إدمان السوشيال ميديا .. وانطلق نحو النجاح!,https://www.youtube.com/watch?v=LVyLseOZMks,Dai Bowarshi,https://www.youtube.com/channel/UCNeSlvG0i0dFJCAN292jJMw,2023-01-03T14:00:41.062Z
Watched علاج ادمان الإنترنت !,https://www.youtube.com/watch?v=b9gV17Yy0g8,واعي,https://www.youtube.com/channel/UCubgpaK2N08IKa1biOQPL1Q,2023-01-03T14:00:32.024Z
Watched هكذا عالج محمد نفسه من مشكلة الادمان على الانترنت,https://www.youtube.com/watch?v=Qdl_9f8vHvo,كلام نواعم,https://www.youtube.com/channel/UCUnjZmdezvv8kP7vdqYBBTg,2023-01-03T13:59:35.965Z
Watched كيف تتخلص من ادمان الانترنت ؟,https://www.youtube.com/watch?v=EQXw1tn--wM,foregiveyaallah,https://www.youtube.com/channel/UCkaE3LQWa3bmrAJV2-AoEUg,2023-01-03T13:58:56.681Z
Watched علاج الإدمان في المنزل,https://www.youtube.com/watch?v=LNz0yNMXtpk,NPİSTANBUL Hastanesi,https://www.youtube.com/channel/UCOE9H-KPECE8q0sopb9L2bw,2023-01-03T13:58:33.393Z
Watched أهم فيديو في السنة: التخطيط الصح ✅ لأهداف السنة ونص السنة و ربع السنة.  📅,https://www.youtube.com/watch?v=XX2xjcNYiCI,دروس أونلاين,https://www.youtube.com/channel/UCEHvaZ336u7TIsUQ2c6SAeQ,2023-01-03T13:57:45.692Z
Watched i quit social media and nothing happened (except everything),https://www.youtube.com/watch?v=lEi058UQWLc,Sam Massey,https://www.youtube.com/channel/UCP8ZQAOm9_whNwwzqfXEfxg,2023-01-03T13:50:19.118Z
Watched معركة الاهتمام ضد اللا مبالاة - الجزء الاول,https://www.youtube.com/watch?v=yJFjFu1h128,دوباميكافين Dupamicaffeine,https://www.youtube.com/channel/UCJlu6BjPWHZhzuCc0zVME0Q,2023-01-03T10:59:50.379Z
Watched جربت أنظم حياتي لمدة سنة كاملة,https://www.youtube.com/watch?v=_fmbm4oeyjM,Ahmed Adel,https://www.youtube.com/channel/UCSzzw6CNp--2P_GI44kByWQ,2023-01-02T21:43:45.169Z
Watched تجربة حمود الخضر مع الاكتئاب,https://www.youtube.com/watch?v=5qVasyOgYmg,مقاطع بودكاست بدون ورق,https://www.youtube.com/channel/UCxHBGJc2HfCZbv2MgJ6F2Sw,2023-01-02T21:00:58.439Z
Watched الخطة لي غادي تخليك تغير حياتك 180 درجة هاد السنة الجديدة⚡️,https://www.youtube.com/watch?v=c80Kd8ctwkw,Brahimlogia - براهيملوجيا,https://www.youtube.com/channel/UC5Q8MrVWuyujVXtABTMTGTA,2023-01-02T20:59:04.219Z
Watched ليه السنة خلصت بسرعة؟,https://www.youtube.com/watch?v=nmZPGKhdCIM,دروس أونلاين,https://www.youtube.com/channel/UCEHvaZ336u7TIsUQ2c6SAeQ,2023-01-02T09:15:40.545Z
Watched ناصر العقيل ( دوباميكافين ) - من سبع سنوات تغيرت حياتي,https://www.youtube.com/watch?v=SoRsa_I8qWA,عبدالله العلاوي,https://www.youtube.com/channel/UCUdtq-Fvlw7_NjzduNTZsbg,2023-01-02T08:41:38.498Z
Watched بودكاست مع د.محمد ابراهيم: هل كلنا مرضى نفسيين؟ متى تذهب للطبيب النفسي؟ الرحلة من الفشل لكلية الطب؟,https://www.youtube.com/watch?v=M77sNp0GfQ4,دروس أونلاين,https://www.youtube.com/channel/UCEHvaZ336u7TIsUQ2c6SAeQ,2023-01-02T07:43:39.612Z
Watched how I'm using notion to achieve ALL my goals in 2023,https://www.youtube.com/watch?v=NcHPkW-eWk8,anna lenkovska,https://www.youtube.com/channel/UCJZrgdE18ZCUKRBNEqeoOjA,2023-01-02T06:12:50.267Z
Watched my 100+ goals for 2023,https://www.youtube.com/watch?v=KZQOz3hDOns,anna lenkovska,https://www.youtube.com/channel/UCJZrgdE18ZCUKRBNEqeoOjA,2023-01-01T18:34:34.126Z
Watched my language learning goals for 2023,https://www.youtube.com/watch?v=nIZiOobw0Vs,anna lenkovska,https://www.youtube.com/channel/UCJZrgdE18ZCUKRBNEqeoOjA,2023-01-01T18:33:28.350Z
Watched لا تحاول ان تنجح و ستنجح | قانون الجهد المعكوس,https://www.youtube.com/watch?v=SPfmSL9jRzo,El Zatoona - الزتونة,https://www.youtube.com/channel/UCPnXSD5IUw3YdhUy5emn_qg,2023-01-01T18:23:29.098Z
Watched How to ACTUALLY wake up early: A “Miracle Morning” Routine,https://www.youtube.com/watch?v=kDamhcqe-d0,David Bangean,https://www.youtube.com/channel/UCltwa_Ol4wfxWE5AGr7UJQg,2023-01-01T18:20:39.260Z
Watched كيف تعرف اذا اهلك بحبوك ؟,https://www.youtube.com/watch?v=F_DXY7uBVLA,ALMojtama3 المجتمع,https://www.youtube.com/channel/UCZvBQYZwShZ-1wHsjEiTaZQ,2023-01-01T18:02:12.083Z
Watched How I Failed in 2022…,https://www.youtube.com/watch?v=knPdMQ44jKc,Ali Abdaal,https://www.youtube.com/channel/UCoOae5nYA7VqaXzerajD0lg,2023-01-01T18:00:30.270Z
Watched How I remember everything I learn: Sketchnotes,https://www.youtube.com/watch?v=O8EyzcmtdQE,Eugene Tang,https://www.youtube.com/channel/UCdXVE1u2AS23-OYylRHO4Rw,2023-01-01T13:55:48.860Z
"Watched تخلص من التسويف واخرج من زون ""المسؤولية""",https://www.youtube.com/watch?v=QE4NEqmtgF8,Walid Taha,https://www.youtube.com/channel/UCIL3YfRG2k7V9EDC3jzy-kg,2023-01-01T13:30:19.551Z
Watched How to break social media addiction and actually start living,https://www.youtube.com/watch?v=xVo2d91n-Lc,Ruri Ohama,https://www.youtube.com/channel/UCKtiMrNZq0gGbPTnsMu7Bsw,2023-01-01T13:27:03.068Z
Watched How I Cured My Phone Addiction,https://www.youtube.com/watch?v=Qk5ftIUMJsM,Nate O'Brien,https://www.youtube.com/channel/UCO3tlaeZ6Z0ZN5frMZI3-uQ,2023-01-01T13:22:19.670Z
Watched أقلع عن عادة تدمر حياتك - سنة خالية 🚫,https://www.youtube.com/watch?v=LH0yWSur3aA,عبدالله العلاوي,https://www.youtube.com/channel/UCUdtq-Fvlw7_NjzduNTZsbg,2023-01-01T13:09:19.037Z
Watched 150. نادي الخامسة صباحا . تجربتي خلال ٤ سنوات,https://www.youtube.com/watch?v=zIV9-i8oyq0,Faten zayd,https://www.youtube.com/channel/UCKd82mtOGoCb8gFSLspw4og,2023-01-01T12:08:24.383Z
Watched Quitting Social Media (2023),https://www.youtube.com/watch?v=bCeWncuIfoc,Prince Ea,https://www.youtube.com/channel/UCDgUAAHgsV2fFZQm2fIWBnA,2023-01-01T11:55:59.987Z
"Watched Elon Musk: ""DELETE Your Social Media NOW!"" - Here's Why!",https://www.youtube.com/watch?v=ponj6p2-iLQ,Smart Sense,https://www.youtube.com/channel/UC_8gQrYCIf9aG_9N4_T5fzg,2023-01-01T11:55:54.686Z
Watched How overstimulation is ruining your life,https://www.youtube.com/watch?v=yYWvUoN4yt8,Better Ideas,https://www.youtube.com/channel/UCtUId5WFnN82GdDy7DgaQ7w,2023-01-01T11:46:05.377Z
Watched I Stopped Watching Videos for a Month | Surprising Productivity Results,https://www.youtube.com/watch?v=3ZnhLHEkuZM,Tyler Lloyd,https://www.youtube.com/channel/UCmMiaxQlA_wfG1LM1EVuIIg,2023-01-01T11:41:17.209Z
Watched How To Stop Wasting Your Life,https://www.youtube.com/watch?v=YucXxma_-ko,Leon Hendrix,https://www.youtube.com/channel/UCTvRcHO5jJ_JKcekLacLMuQ,2023-01-01T11:41:08.251Z
Watched هذه حقيقتي وحقيقة كل صانع محتوى | أنت تعرف ما يريد صانع المحتوى أن تعرفه,https://www.youtube.com/watch?v=G9g4U1zX1CE,Aya Abassi,https://www.youtube.com/channel/UCWUQQ1e6FXcb-dpmNirCVNw,2023-01-01T11:39:18.236Z
Watched ٥٢ أسبوع قراءة أو كيف تحكم على سنة من خلال ٩٦ كتاب | Reads in 4 seasons,https://www.youtube.com/watch?v=pht788lliJU,دودة كتب | ندى الشبراوي,https://www.youtube.com/channel/UCkgcGE_4UGqcXmN1JvXfovQ,2023-01-01T11:35:39.210Z
Watched قصة خطة الخمسين | خطة ممكن تقلب موازين حياتك بالكامل,https://www.youtube.com/watch?v=xvY9jfeqPmE,Mohammed Alnhet,https://www.youtube.com/channel/UCi9oRLva2ADWc1QcwthYgSQ,2023-01-01T05:09:40.248Z
Watched ساعة واحدة في اليوم تجعلك تحقق أي شيء تريده (طريقة ايرل نايتنجيل) - مترجم,https://www.youtube.com/watch?v=F585oPrRd2s,Ismaelovish Mtvn,https://www.youtube.com/channel/UCUTSjfnJ3h5mnfdi5tjoQ_Q,2023-01-01T05:02:44.591Z
Watched لو عايز ترتب أفكارك وتحقق حاجة في 2023 | وليد طه,https://www.youtube.com/watch?v=dCXcrFdovIE,Walid Taha,https://www.youtube.com/channel/UCIL3YfRG2k7V9EDC3jzy-kg,2023-01-01T05:02:28.479Z
Watched DOPAMINE DETOX | How to Reset Your Brain For Success,https://www.youtube.com/watch?v=XjV4HYZTJB8,Iman Gadzhi,https://www.youtube.com/channel/UCQ4FNww3XoNgqIlkBqEAVCg,2023-01-01T04:48:15.971Z
Watched YouTube: View Your Data & Activity,https://www.youtube.com/watch?v=KxF5-v8SfyQ,Mike Murphy Co,https://www.youtube.com/channel/UCR5rZKebRCjoN0Lq6ivGW1g,2023-01-07T18:13:42.164Z
Watched How to See How Much Time You Spend Watching YouTube,https://www.youtube.com/watch?v=gS8PJ7Z_mOs,Max Dalton,https://www.youtube.com/channel/UCBbDWMccTJCL0WmbMHNLZIw,2023-01-07T18:10:43.102Z
Watched Check how much time you spend watching YouTube,https://www.youtube.com/watch?v=jqBuXibX9CM,YouTube Viewers,https://www.youtube.com/channel/UCMDQxm7cUx3yXkfeHa5zJIQ,2023-01-07T18:02:18.925Z
Watched HOW TO CHECK YOUTUBE TOTAL WATCH HOURS ON MOBILE,https://www.youtube.com/watch?v=_gLp3YQgM84,Elah London,https://www.youtube.com/channel/UCICBOk9WBOiMxJBqM5-hvKQ,2023-01-07T18:00:34.064Z
Watched 4000 Hours YouTube Watch Time  - How to Check Your Watch Time Hours,https://www.youtube.com/watch?v=BPATmM9HiTY,Chillroot,https://www.youtube.com/channel/UCxUM_5rfOH6tlQlIFQC6jwg,2023-01-07T17:59:00.257Z
Watched How to deactivate your Facebook and Messenger accounts | deactivate messenger |  Updated 2022,https://www.youtube.com/watch?v=os3P0wfUhMU,Sudda,https://www.youtube.com/channel/UCCHf05E_tKeSO3prWQLnvPw,2023-01-01T11:51:46.577Z
Watched Galaxy Tab S8 How to Call and Text From Samsung Galaxy Phone,https://www.youtube.com/watch?v=beEaTmnK46c,GregglesTV,https://www.youtube.com/channel/UCdV8E_Ca22hjQh1-REttX2A,2023-01-01T07:44:34.277Z
Watched Biggest trick on Mi Band 7: Game on it?!,https://www.youtube.com/watch?v=pN41zAmmuj0,Sami Luo Tech,https://www.youtube.com/channel/UCgJCa5JyZUFkw2evyuvLbJA,2023-01-01T07:43:44.967Z
Watched Xiaomi Smart Band 7 Pro vs Xiaomi Smart Band 7: Which is the BEST for YOU?,https://www.youtube.com/watch?v=cLAi7DV8dsg,Tech4All,https://www.youtube.com/channel/UCZDeyDl9zh65Zm5Tp7df0eQ,2023-01-01T07:42:45.945Z
"Watched How to set up esim in samsung galaxy watch Active 2, Watch 4, Watch 5",https://www.youtube.com/watch?v=qU075TO0JwE,MAB Arena,https://www.youtube.com/channel/UCGRVfo9e9FeNwVwEEKbyzRw,2023-01-01T07:40:26.617Z
Watched Galaxy Watch 4 LTE Review- The TRUTH About LTE vs Bluetooth!,https://www.youtube.com/watch?v=u1U21YeLHb8,ALLSTARSPACE,https://www.youtube.com/channel/UCXpJGo5u2rQEVTb-mioq4Pg,2023-01-01T07:38:53.608Z
Watched Galaxy Watch 5 WiFi Version vs Galaxy Watch 5 LTE Version Which Should You Buy,https://www.youtube.com/watch?v=4b12nC5gnRU,GregglesTV,https://www.youtube.com/channel/UCdV8E_Ca22hjQh1-REttX2A,2023-01-01T07:36:45.513Z
Watched Mi Band 7 Pro Review: The BEST Smartband!,https://www.youtube.com/watch?v=qAazEN4Ol78,Michael Elsegood,https://www.youtube.com/channel/UCHXDCsAarLqG7oeVThC03CA,2023-01-01T07:30:37.235Z
Watched Amazfit GTR2 || ريفيو مفصل لأشيك ساعه ذكيه جربتها 👌,https://www.youtube.com/watch?v=zI0YozXFF_8,Mohamed Elkhayat محمد الخياط,https://www.youtube.com/channel/UCWlFFEohJoxCRJGDf4ehJIg,2023-01-01T07:20:14.350Z
Watched Amazfit GTR 4 Smart Watch Review: The BEST in its Class?,https://www.youtube.com/watch?v=x2QO9YyYjWk,Tech4All,https://www.youtube.com/channel/UCZDeyDl9zh65Zm5Tp7df0eQ,2023-01-01T07:18:24.038Z
Watched Meet the New Amazfit GTR 2 LTE,https://www.youtube.com/watch?v=9ET4m2pU1UQ,Amazfit Global,https://www.youtube.com/channel/UCSfJ2AbELVLhBcyMx3A9pHw,2023-01-01T07:18:14.697Z
Watched Top 5 Best LTE Smartwatch In 2023,https://www.youtube.com/watch?v=EdFkzyz4wHw,Techsquare,https://www.youtube.com/channel/UCCzfr37ENZsBda_WTSeAv-g,2023-01-01T07:10:22.187Z
Watched ايهما ستختار ؟ غني ام فقير ؟ - الاب الغني والاب الفقير - الجزء السابع و الاخير,https://www.youtube.com/watch?v=tzpmhg_HP5U,دوباميكافين Dupamicaffeine,https://www.youtube.com/channel/UCJlu6BjPWHZhzuCc0zVME0Q,2023-01-05T06:53:07.927Z
Watched افضل نظام لادارة الوقت - العادة الثالثة,https://www.youtube.com/watch?v=nncVRXEQxE8,دوباميكافين Dupamicaffeine,https://www.youtube.com/channel/UCJlu6BjPWHZhzuCc0zVME0Q,2023-01-04T03:49:24.926Z
Watched أثرى الأشخاص في الكون - المستثمرين,https://www.youtube.com/watch?v=lRoyu4CE9Dk,دوباميكافين Dupamicaffeine,https://www.youtube.com/channel/UCJlu6BjPWHZhzuCc0zVME0Q,2023-01-03T10:51:11.631Z
Watched كل ما نجهله عن رجال الأعمال - الجزء الرابع,https://www.youtube.com/watch?v=MsIYt-KX8R0,دوباميكافين Dupamicaffeine,https://www.youtube.com/channel/UCJlu6BjPWHZhzuCc0zVME0Q,2023-01-03T10:02:54.828Z
Watched بودكاست مع محمد سامي: كيف تحافظ على مدخراتك ؟أفضل شخص تتعلم منه عن الاقتصاد والتاريخ.,https://www.youtube.com/watch?v=2T1eTM2NFL4,دروس أونلاين,https://www.youtube.com/channel/UCEHvaZ336u7TIsUQ2c6SAeQ,2023-01-03T05:34:12.550Z
Watched افضل نظام لإدارة المال - كفيل بتغيير حياتك,https://www.youtube.com/watch?v=loGAyJTbu88,دوباميكافين Dupamicaffeine,https://www.youtube.com/channel/UCJlu6BjPWHZhzuCc0zVME0Q,2023-01-02T07:44:23.225Z
Watched 🤩 Build Awesome Data Analytics Portfolio from Scratch in 2022 // 4 Portfolio project ideas,https://www.youtube.com/watch?v=XYKuslcJp7A,Thu Vu data analytics,https://www.youtube.com/channel/UCJQJAI7IjbLcpsjWdSzYz0Q,2023-01-01T05:02:43.091Z
