Watched Marwa Loud - Bad Boy (Lyrics),https://www.youtube.com/watch?v=9tDzvJMXDRw,Vibe Music,https://www.youtube.com/channel/UChO8h2G8UjOVc081rgYU8XQ,2023-01-07T17:22:22.793Z
Watched والقدس تسكن ها هنا ❤️ #القدس_عاصمة_فلسطين_الأبدية  #القدس_لنا #القدس_عاصمة_فلسطين,https://www.youtube.com/watch?v=9N8tgfbBTwM,سديم I حقائق وأسرار,https://www.youtube.com/channel/UCwBMtmX0uAw2yeAy49KG_cQ,2023-01-06T20:05:52.928Z
Watched Saif Nabeel - Loo [Music Video] (2020) / سيف نبيل - لو,https://www.youtube.com/watch?v=l5dwntmqOLU,Saif Nabeel سيف نبيل,https://www.youtube.com/channel/UC51-7nXoc-Mlh0U7TF1Yo2g,2023-01-06T20:04:43.415Z
Watched Marwa Loud - Bad Boy (Lyrics),https://www.youtube.com/watch?v=9tDzvJMXDRw,Vibe Music,https://www.youtube.com/channel/UChO8h2G8UjOVc081rgYU8XQ,2023-01-06T20:00:57.380Z
Watched HOW TO BE A BAD BOY 😈,https://www.youtube.com/watch?v=Ijz36jEDJ5U,Alan Chikin Chow,https://www.youtube.com/channel/UC5gxP-2QqIh_09djvlm9Xcg,2023-01-06T20:00:49.852Z
Watched Mason Mount Edit - Bad Boy,https://www.youtube.com/watch?v=xZqfPKftH_Q,StrayaClips,https://www.youtube.com/channel/UC-9Z2YuIifMviNZ_c0Xi3SA,2023-01-06T20:00:23.069Z
Watched mason mount bad boy 🔥🥀,https://www.youtube.com/watch?v=WNeUGOF9J6A,ESLAMFOOTBALL,https://www.youtube.com/channel/UCg-QB4k34BQvBPQRI4ZNC_w,2023-01-06T20:00:06.862Z
Watched Suzan Hacigarip - Eklemedir Koca Konak (Cover),https://www.youtube.com/watch?v=O0uWPrI9_pA,Suzan Hacigarip,https://www.youtube.com/channel/UCdDeIV94_K3Vvp9LrpuRCaA,2023-01-06T19:59:54.793Z
Watched Imagine Dragons - Demons (Lyrics),https://www.youtube.com/watch?v=pNA08Cje0yM,a vast sound ,https://www.youtube.com/channel/UCoGPgUTWD0FolgNU2HthPDQ,2023-01-06T09:55:15.403Z
Watched احترق قلبي / مجد بركات 💙 #مجد_بركات #جيش_مجد #اغاني #قلبي,https://www.youtube.com/watch?v=otVxde5ghXA,majdbarakat_fans,https://www.youtube.com/channel/UCfRostogT2pTKtcOoTlm35A,2023-01-05T14:52:19.844Z
Watched ستوري مجد بركات _مجد وعلي تركو قمر بنص الطريق 😂,https://www.youtube.com/watch?v=iJwjxeT5oGY,بثوث المشاهير💥ومقابلات مترجمة,https://www.youtube.com/channel/UCIGqG3w0F__zPybPKA_L6Fg,2023-01-05T14:52:13.409Z
"Watched أغنية تركية ""يوك بير"" بصوت @majdbarakatofficial  صوت رائع 😍🔥",https://www.youtube.com/watch?v=qBxTfzSd02k,♡Dalal♡,https://www.youtube.com/channel/UC9S_QJlneYexYUxRUKakkig,2023-01-05T14:51:17.552Z
Watched شاب سوري مع بنت تركية صوته بجنن 😍|| احلى غنية تركيا بصوت شب وبنت,https://www.youtube.com/watch?v=nk-V68OV298,حلوشةCute,https://www.youtube.com/channel/UCHzquQB5J9Zr2go1zkQYgfQ,2023-01-05T14:50:23.274Z
Watched شب سوري يغني مع شباب اتراك بلغرام تركيه وعربي,https://www.youtube.com/watch?v=6pXWFUcqIhc,Mr joker,https://www.youtube.com/channel/UCs0BuPorvLOvFcTs4Oze3bQ,2023-01-05T14:49:32.803Z
Watched Majd Barakat -alo aleky (cover ) | مجد بركات -قالو عليكي,https://www.youtube.com/watch?v=Or2PT88oY-w,Majd Barakat | مجد بركات,https://www.youtube.com/channel/UC9zGj5QUWQA7JHoB2786fag,2023-01-05T14:49:26.389Z
Watched ظنوه تركياً.. شاب سوري يفاجئ أتراكاً بغنائه باللغة العربية بعدما شاركهم الغناء باللغة التركية,https://www.youtube.com/watch?v=wexCsGZKPZE,تلفزيون أورينت Orient TV,https://www.youtube.com/channel/UCZslGytOwaEEZPkiE4X47FA,2023-01-05T14:45:14.766Z
Watched Marwa Loud - Bad Boy (Lyrics),https://www.youtube.com/watch?v=9tDzvJMXDRw,Vibe Music,https://www.youtube.com/channel/UChO8h2G8UjOVc081rgYU8XQ,2023-01-02T21:31:11.206Z
