Watched احزر مين العراقي,https://www.youtube.com/watch?v=NQ63vKhD0_w,ALMojtama3 المجتمع,https://www.youtube.com/channel/UCZvBQYZwShZ-1wHsjEiTaZQ,2023-01-07T15:40:05.915Z
Watched أغرب موقف حصلي في حياتي #shorts,https://www.youtube.com/watch?v=BfwR2G_29RU,MahmoudIsmailTV,https://www.youtube.com/channel/UCdttmnJddGQZsXRL_DbqgWA,2023-01-07T09:03:39.539Z
Watched شاهد هذه الحاجة الفلسطينية من مدينة القدس,https://www.youtube.com/watch?v=HPyCD7hxP0E,مطبات - Mattabat,https://www.youtube.com/channel/UC5tm24VhUgv5DuUag0D0sMA,2023-01-06T20:05:37.762Z
Watched احزر مين : برا السالفة 😎,https://www.youtube.com/watch?v=auMQFuUkLD0,ALMojtama3 المجتمع,https://www.youtube.com/channel/UCZvBQYZwShZ-1wHsjEiTaZQ,2023-01-06T09:55:18.104Z
Watched عايزة تقعد مكانه في الباص - كيف حاجة وعمرك 70 سنة وحبلة؟ | #عماد_فراجين - مسلسل #وطن_ع_وتر,https://www.youtube.com/watch?v=wzJAdFpiH00,Aziz Sallam,https://www.youtube.com/channel/UC7vUSY5JKCdDGxty9X6-Cbw,2023-01-05T14:55:57.121Z
Watched شافته بعد 4 سنوات بنفس المكان #جيش_يزون #جيش_زيزو #shorts #fyp,https://www.youtube.com/watch?v=oZBRX9JJl3o,زيـزو ♡ .,https://www.youtube.com/channel/UCm1bfjvkyV5r-d9HzHhclKQ,2023-01-05T14:55:33.196Z
Watched عندما احتارو من هو رجل المباراة ⚽🔥,https://www.youtube.com/watch?v=qSRRV_GZZ2s,السفير سبورت - Alsafir Sport,https://www.youtube.com/channel/UCe2FXm6zEr5HLqa9SsD6yuQ,2023-01-05T14:55:23.108Z
Watched شركات التسويق ترفع قبعاتها احتراما 😂,https://www.youtube.com/watch?v=DDpUwhQDXHM,Dr sherif gamal,https://www.youtube.com/channel/UCNKd4eWZmofvOoWSB3-46Mw,2023-01-05T14:54:43.293Z
Watched وفرت 300 جنية بحركة بسيطه 💚 هتفيدك لو بتدرس 👨‍💻,https://www.youtube.com/watch?v=LH2YpQBHFBc,Syntax,https://www.youtube.com/channel/UCNMvR21W292doQIU326HQTQ,2023-01-05T14:54:11.370Z
Watched 2 января 2023 г.,https://www.youtube.com/watch?v=XIdUnj3FDQY,Настя фофанова,https://www.youtube.com/channel/UCl5SsfPNkIAE4jZKD5ata7w,2023-01-05T14:53:58.523Z
Watched لازم الدكتور يحس بمرضاه ♥️,https://www.youtube.com/watch?v=a3W5Zd54iCw,Dr sherif gamal,https://www.youtube.com/channel/UCNKd4eWZmofvOoWSB3-46Mw,2023-01-05T14:53:03.131Z
Watched كيف بقدر أزور فلسطين؟,https://www.youtube.com/watch?v=uXu_qFCOLi4,Saleh Zighari,https://www.youtube.com/channel/UCoMC1JBG_RP3aqpHLUGu_VQ,2023-01-05T14:52:29.500Z
Watched قصة حادث زوجة محمد عدنان 😱,https://www.youtube.com/watch?v=opI6bCujVes,YazanK يزن خضر,https://www.youtube.com/channel/UCRIZgdIdqiqNA6EW50yRGUA,2023-01-05T14:40:48.973Z
Watched رسالة من القلب 💙,https://www.youtube.com/watch?v=-UlejAFINeE,BanderitaX,https://www.youtube.com/channel/UCxEGVXh6fi-XYo58NZrbIHQ,2023-01-05T10:20:43.637Z
Watched بكاء بندريتا بعد وصوله 5 مليون مشترك,https://www.youtube.com/watch?v=1j4hXdfp5R8,بشبوش - bshbwsh,https://www.youtube.com/channel/UCWMxc0jedse-tc1-Mxgf-QA,2023-01-05T10:19:50.074Z
Watched سوالف الاندكروزر بالبر مع بطل الدرفت مسير بوشيبه #youtube #shorts #toyota #landcruiser,https://www.youtube.com/watch?v=AKAkOW6bBv0,Yabeela Motors - يبيله موترز,https://www.youtube.com/channel/UCa2pZk_jKOXp72ynLUssc2g,2023-01-05T08:44:50.581Z
Watched لا تنسى أصحاب الفضل #shahinshowcast #shahin الحلقه كامله https://youtu.be/6GaEQmpYakc,https://www.youtube.com/watch?v=TtcXo4g-UNg,Ahmed Shahin,https://www.youtube.com/channel/UCr8iNz_n_HJFtBxp7NUzg-g,2023-01-05T08:44:11.940Z
"Watched ""شبكات| شاعر ليبي يحرج حكام مسابقة ""أمير الشعراء",https://www.youtube.com/watch?v=lv3e8O2N1PE,AlJazeera Arabic  قناة الجزيرة,https://www.youtube.com/channel/UCfiwzLy-8yKzIbsmZTzxDgw,2023-01-05T08:18:44.016Z
Watched قصة بندريتا,https://www.youtube.com/watch?v=U94yu-uj108,BanderitaX,https://www.youtube.com/channel/UCxEGVXh6fi-XYo58NZrbIHQ,2023-01-05T06:05:40.364Z
Watched كيف تعرفنا انا و ايه على بعض؟,https://www.youtube.com/watch?v=dEPsadPXlXw,aboud jabari,https://www.youtube.com/channel/UCd0FgyBSfrOTqXFxMeMjjEw,2023-01-05T05:26:51.765Z
Watched الرجالة يعرفوا ايه عن الستات؟,https://www.youtube.com/watch?v=x8HqjqV3y-4,BingeCircle,https://www.youtube.com/channel/UCboi9tFaUpreNfGMBoZ339A,2023-01-05T03:34:41.502Z
Watched أنا مشجع إنجليزي في كأس العالم 🏴󠁧󠁢󠁥󠁮󠁧󠁿 #عمر_يجرب,https://www.youtube.com/watch?v=AckoN8vkDoM,عمر فاروق Omar Farooq,https://www.youtube.com/channel/UC7lfpgPpjx7YvuE12_UcGrg,2023-01-04T19:10:55.082Z
Watched أسوء ٥ جماهير في كأس العالم 🏆 #عمر_يجرب,https://www.youtube.com/watch?v=nw2o2gN543w,عمر فاروق Omar Farooq,https://www.youtube.com/channel/UC7lfpgPpjx7YvuE12_UcGrg,2023-01-04T19:06:49.798Z
Watched ! شو اكتر طبخة بتحبوها,https://www.youtube.com/watch?v=-HcGHvRXrC0,ALMojtama3 المجتمع,https://www.youtube.com/channel/UCZvBQYZwShZ-1wHsjEiTaZQ,2023-01-04T18:50:44.119Z
Watched Our life is about to change.,https://www.youtube.com/watch?v=iwzGsUfDHBE,Matt D'Avella,https://www.youtube.com/channel/UCJ24N4O0bP7LGLBDvye7oCA,2023-01-04T18:43:39.559Z
Watched ابدأ مشروعك من هوايتك بدون رأس مال - الجزء الثاني,https://www.youtube.com/watch?v=SaILY4sh9SY,دوباميكافين Dupamicaffeine,https://www.youtube.com/channel/UCJlu6BjPWHZhzuCc0zVME0Q,2023-01-04T17:07:03.261Z
Watched إبدأ مشروعك من هوايتك بدون رأس مال - الجزء الأول,https://www.youtube.com/watch?v=0WVH96586ws,دوباميكافين Dupamicaffeine,https://www.youtube.com/channel/UCJlu6BjPWHZhzuCc0zVME0Q,2023-01-04T16:41:14.617Z
Watched حكومة اليابان تقدم عرضاً مغرياً لمواطنيها لمغادرة العاصمة طوكيو.. لماذا؟,https://www.youtube.com/watch?v=lEdp2KdM06E,AlArabiya العربية,https://www.youtube.com/channel/UCahpxixMCwoANAftn6IxkTg,2023-01-04T03:48:04.653Z
"Watched يوتيوبر صيني يذهب في ""مهمة مستحيلة"" لتصوير معسكرات اعتقال الإيغور المسلمين!",https://www.youtube.com/watch?v=g7G-cp_GO_0,DW جعفر توك,https://www.youtube.com/channel/UC2KCI1AXQVx1_XJmykB7cHA,2023-01-02T21:08:16.975Z
Watched العربية راحت BMW F10,https://www.youtube.com/watch?v=2u9M6M2ibco,Kimo Rafea,https://www.youtube.com/channel/UC2hm5LH9YwKFMKPFaY8zN_w,2023-01-02T09:15:20.126Z
Watched تطبيقات لازم تكون موجودة على تليفونك في 2022 | GEEKNOWLEDGE,https://www.youtube.com/watch?v=8Lob2utYdAs,Walid Taha,https://www.youtube.com/channel/UCIL3YfRG2k7V9EDC3jzy-kg,2023-01-02T07:06:25.562Z
Watched story from alnoufali_7 محمد النوفلي,,alnoufali_7 محمد النوفلي,https://www.youtube.com/@alnoufali_7,2023-01-01T11:33:54.661Z
Watched story from Azdin Fotbal,,Azdin Fotbal,https://www.youtube.com/@Azdinfotbal,2023-01-01T11:33:53.340Z
Watched story from iimatheen,,iimatheen,https://www.youtube.com/@iimatheen,2023-01-01T11:33:19.618Z
Watched story from FT SHOW,,FT SHOW,https://www.youtube.com/@FTSHOW,2023-01-01T11:33:06.787Z
Watched أفضل ١٠ فيديوهات يوتيوبية عربية لسنة ٢٠٢٢,https://www.youtube.com/watch?v=IPXnfBGzZL4,MahmoudIsmailTV,https://www.youtube.com/channel/UCdttmnJddGQZsXRL_DbqgWA,2023-01-01T11:12:54.237Z
