https://www.youtube.com/watch?v=J1MqZxv1cdA,2023-01-31T19:25:34.018Z,,
https://www.youtube.com/watch?v=FoBvLazyezU,2023-01-31T19:25:25.276Z,,
https://www.youtube.com/watch?v=17frWSfNLUY,2023-01-31T19:23:47.558Z,,
https://www.youtube.com/watch?v=8y4VDIvVkL4,2023-01-31T19:23:12.884Z,,26.66666667
https://www.youtube.com/watch?v=DnlrYK2reXY,2023-01-31T19:22:26.925Z,,
https://www.youtube.com/watch?v=mZVSkZlr4js,2023-01-31T18:35:20.548Z,,
https://www.youtube.com/watch?v=6sjs0xJnxWQ,2023-01-31T17:36:01.431Z,,
https://www.youtube.com/watch?v=C2aFxGUFAkk,2023-01-31T17:33:36.572Z,,
https://www.youtube.com/watch?v=qxCX9j230x8,2023-01-31T17:32:51.119Z,,
https://www.youtube.com/watch?v=B4F_xugP6mY,2023-01-31T17:25:27.803Z,,
https://www.youtube.com/watch?v=icu_v8I5jxA,2023-01-31T17:22:16.150Z,,
https://www.youtube.com/watch?v=ckPbBVJd6UU,2023-01-31T17:21:29.182Z,,
https://www.youtube.com/watch?v=TI9Nlu0JKGs,2023-01-31T17:14:47.632Z,,
https://www.youtube.com/watch?v=GqUbr2RM-9k,2023-01-31T16:22:17.415Z,,
https://www.youtube.com/watch?v=WcIcVapfqXw,2023-01-31T16:22:01.919Z,,
https://www.youtube.com/watch?v=a1HeS0UYkho,2023-01-31T16:10:19.033Z,,
https://www.youtube.com/watch?v=_RHIECWv728,2023-01-31T16:04:28.095Z,,
https://www.youtube.com/watch?v=rmus12iU1tI,2023-01-31T14:38:52.423Z,,
https://www.youtube.com/watch?v=CkE0dCtD834,2023-01-31T14:38:41.576Z,,
https://www.youtube.com/watch?v=m0CsvzeEfCw,2023-01-31T14:38:41.011Z,,
https://www.youtube.com/watch?v=UbQfU1mgoZQ,2023-01-31T14:37:22.760Z,,
https://www.youtube.com/watch?v=dfhC1RLt4SI,2023-01-31T14:36:21.400Z,,
https://www.youtube.com/watch?v=u9CDqjLiB0w,2023-01-31T14:36:14.262Z,,
https://www.youtube.com/watch?v=uKSttUgkk_U,2023-01-31T14:35:33.871Z,,
https://www.youtube.com/watch?v=dy5g9gxxprk,2023-01-31T14:34:59.236Z,,
https://www.youtube.com/watch?v=zPvaiMICsRM,2023-01-31T14:33:57.982Z,,
https://www.youtube.com/watch?v=DJHsVDKL_0w,2023-01-31T14:33:23.135Z,,
https://www.youtube.com/watch?v=4lr2hDOIXc0,2023-01-31T14:33:06.623Z,,
https://www.youtube.com/watch?v=n4V27lhtZ6c,2023-01-31T14:32:10.696Z,,
https://www.youtube.com/watch?v=evbpnIt6OAA,2023-01-31T14:31:19.255Z,,
https://www.youtube.com/watch?v=xbUKlmxm9m8,2023-01-31T14:31:06.619Z,,
https://www.youtube.com/watch?v=KzDv7dPemcc,2023-01-31T14:30:05.100Z,,
https://www.youtube.com/watch?v=nBl5swEvziw,2023-01-31T14:29:54.598Z,,
https://www.youtube.com/watch?v=BRyhKRG7sfI,2023-01-31T14:28:23.719Z,,
https://www.youtube.com/watch?v=UmE3yckSxLc,2023-01-31T14:28:06.736Z,,
https://www.youtube.com/watch?v=VCPp1DUypo0,2023-01-31T14:27:27.784Z,,
https://www.youtube.com/watch?v=T69N5A0GzrI,2023-01-31T14:10:19.847Z,,
https://www.youtube.com/watch?v=g-7ZWPCWv0U,2023-01-31T14:10:10.673Z,,
https://www.youtube.com/watch?v=cC5pPsiXO7s,2023-01-31T14:03:26.693Z,,
https://www.youtube.com/watch?v=xTB7vi_gRas,2023-01-31T14:02:18.794Z,,
https://www.youtube.com/watch?v=FfbrCGv6LDE,2023-01-31T14:01:49.747Z,,
https://www.youtube.com/watch?v=zEjLcJ2X_ek,2023-01-31T13:55:42.297Z,,
https://www.youtube.com/watch?v=7gK48fP4uy0,2023-01-31T12:35:54.741Z,,
https://www.youtube.com/watch?v=FKvKnuvXUSU,2023-01-31T12:29:35.830Z,,
https://www.youtube.com/watch?v=lxfovLrzjHs,2023-01-31T12:26:40.602Z,,
https://www.youtube.com/watch?v=4hRPpKhv3sc,2023-01-31T11:22:12.530Z,,
https://www.youtube.com/watch?v=kMaxvZDGO8U,2023-01-31T10:58:35.451Z,,
https://www.youtube.com/watch?v=WD8jbNHRujU,2023-01-31T10:46:09.977Z,,
https://www.youtube.com/watch?v=aA4GreSB0cQ,2023-01-31T10:32:46.418Z,,
https://www.youtube.com/watch?v=rwh0O4UqOc4,2023-01-31T09:37:37.777Z,,
https://www.youtube.com/watch?v=jrAgvFKOhyg,2023-01-31T07:17:49.662Z,,
https://www.youtube.com/watch?v=fY2dYpcfsDU,2023-01-31T07:14:19.103Z,,
https://www.youtube.com/watch?v=e4jsWwtxXdQ,2023-01-31T06:46:29.049Z,,
https://www.youtube.com/watch?v=5CxwaFnxl_Y,2023-01-30T23:06:35.361Z,,
https://www.youtube.com/watch?v=ceUwArx6Zic,2023-01-30T23:05:13.092Z,,
https://www.youtube.com/watch?v=SPupk0nbgco,2023-01-30T23:04:11.581Z,,
https://www.youtube.com/watch?v=zlDOeflKZGY,2023-01-30T23:04:01.778Z,,
https://www.youtube.com/watch?v=CAi1qwq9dbQ,2023-01-30T23:03:02.131Z,,
https://www.youtube.com/watch?v=1q2EEY8qP7Q,2023-01-30T23:02:40.600Z,,
https://www.youtube.com/watch?v=rMTpKFrV_Yc,2023-01-30T23:01:51.167Z,,
https://www.youtube.com/watch?v=waPdMf4Cgew,2023-01-30T23:01:18.422Z,,
https://www.youtube.com/watch?v=IqTpB1e6XlA,2023-01-30T23:00:54.074Z,,
https://www.youtube.com/watch?v=JmrY_iT9eX0,2023-01-30T23:00:19.376Z,,
https://www.youtube.com/watch?v=7clWkZzuSp8,2023-01-30T22:59:33.321Z,,
https://www.youtube.com/watch?v=I58HzUhQ3W8,2023-01-30T22:59:32.151Z,,
https://www.youtube.com/watch?v=6q_ys8p0xZ0,2023-01-30T22:57:55.870Z,,
https://www.youtube.com/watch?v=7kjI5oUFPrs,2023-01-30T22:57:07.728Z,,
https://www.youtube.com/watch?v=ViDb4rqqJ5o,2023-01-30T22:56:06.922Z,,
https://www.youtube.com/watch?v=ej3eK6rozBg,2023-01-30T22:55:51.086Z,,
https://www.youtube.com/watch?v=PZtK7AL6SIA,2023-01-30T22:43:23.084Z,,
https://www.youtube.com/watch?v=jaYZ7YxXZ8I,2023-01-30T09:30:31.332Z,,
https://www.youtube.com/watch?v=xl2RctQSpvQ,2023-01-30T09:30:02.186Z,From Google Ads,
https://www.youtube.com/watch?v=8YDSnXuwKSc,2023-01-30T08:31:22.653Z,,
https://www.youtube.com/watch?v=5ipkkmmVQZU,2023-01-30T08:31:00.300Z,,
https://www.youtube.com/watch?v=vYZMc67o5IM,2023-01-30T08:30:28.620Z,,
https://www.youtube.com/watch?v=SIGO3-Z0NB8,2023-01-30T08:13:39.784Z,,
https://www.youtube.com/watch?v=S3fHv_YwDqU,2023-01-30T07:29:20.397Z,,
https://www.youtube.com/watch?v=em7Q7sqYe4w,2023-01-30T07:10:18.975Z,,
https://www.youtube.com/watch?v=L_X7ZlykKvY,2023-01-30T07:09:57.774Z,,
https://www.youtube.com/watch?v=f3Xe0vL-LtM,2023-01-30T05:26:41.806Z,,
https://www.youtube.com/watch?v=sMwF_4wKlsk,2023-01-30T05:00:16.459Z,,
https://www.youtube.com/watch?v=ggxJRMa0EBk,2023-01-30T04:56:11.674Z,,
https://www.youtube.com/watch?v=aS8egVdASKk,2023-01-29T08:21:07.097Z,,
https://www.youtube.com/watch?v=FGTER19Aofg,2023-01-29T08:17:45.238Z,,
https://www.youtube.com/watch?v=J4X5VI6ya_Q,2023-01-29T08:13:00.769Z,,
https://www.youtube.com/watch?v=9w6zEqXtZdk,2023-01-29T08:08:10.494Z,,
https://www.youtube.com/watch?v=pnKqFIEQxMc,2023-01-29T08:00:46.313Z,,
https://www.youtube.com/watch?v=O3Ar_HU058c,2023-01-29T07:52:49.486Z,,
https://www.youtube.com/watch?v=YfCgLV9bGo8,2023-01-29T07:42:26.313Z,,
https://www.youtube.com/watch?v=ukEMyoybuiI,2023-01-29T07:31:21.359Z,,
https://www.youtube.com/watch?v=gXFAAYflep8,2023-01-29T07:25:45.648Z,,
https://www.youtube.com/watch?v=N_gbN2aYAZs,2023-01-29T07:24:17.661Z,,
https://www.youtube.com/watch?v=9S0YwleLn8M,2023-01-28T18:50:26.207Z,,
https://www.youtube.com/watch?v=4s8aHHp3YSI,2023-01-28T18:48:27.696Z,,
https://www.youtube.com/watch?v=V7O-Px1_ouU,2023-01-28T18:48:13.749Z,,
https://www.youtube.com/watch?v=8CykvcUGRkU,2023-01-28T18:44:56.492Z,,
https://www.youtube.com/watch?v=HS0rbCtbZkM,2023-01-28T18:40:16.536Z,,
https://www.youtube.com/watch?v=bJBSojKqGYQ,2023-01-28T18:39:29.115Z,,
https://www.youtube.com/watch?v=3r49UthLwHQ,2023-01-28T18:39:11.214Z,,
https://www.youtube.com/watch?v=em7Q7sqYe4w,2023-01-28T18:34:14.848Z,,
https://www.youtube.com/watch?v=a6ChjDn7dYU,2023-01-28T18:33:03.721Z,,
https://www.youtube.com/watch?v=tx7QzSru-Uk,2023-01-28T18:32:08.818Z,,
https://www.youtube.com/watch?v=gZ2ASba6Z68,2023-01-28T18:29:45.651Z,,
https://www.youtube.com/watch?v=R_cAxWP2Z6c,2023-01-28T18:25:04.795Z,,
https://www.youtube.com/watch?v=YABDdFkSnYA,2023-01-28T18:18:56.770Z,,
https://www.youtube.com/watch?v=v8X58s-LAGw,2023-01-28T18:16:36.192Z,,
https://www.youtube.com/watch?v=rth-5tCGoaM,2023-01-28T18:16:07.829Z,,
https://www.youtube.com/watch?v=ttnxsGGFTTA,2023-01-28T18:02:49.558Z,,
https://www.youtube.com/watch?v=tqxymdm-rUw,2023-01-28T18:02:18.558Z,,
https://www.youtube.com/watch?v=7SgRtXpawec,2023-01-28T17:58:03.290Z,,
https://www.youtube.com/watch?v=jaYZ7YxXZ8I,2023-01-28T17:47:34.301Z,,
https://www.youtube.com/watch?v=TSB5DJLYvSI,2023-01-28T17:42:58.366Z,,
https://www.youtube.com/watch?v=F6G2lpPpn7g,2023-01-28T17:34:38.704Z,,
https://www.youtube.com/watch?v=vSaJJoqnYPk,2023-01-28T17:34:14.794Z,,
https://www.youtube.com/watch?v=2v4VabzGyxg,2023-01-28T15:30:40.999Z,,
https://www.youtube.com/watch?v=nVowgyvt0M8,2023-01-28T15:27:27.181Z,,
https://www.youtube.com/watch?v=KNfmoktIKwM,2023-01-28T15:16:04.410Z,,
https://www.youtube.com/watch?v=oHrISgcMcOg,2023-01-28T15:16:01.271Z,,
https://www.youtube.com/watch?v=AFDS0A5jtKU,2023-01-28T12:27:34.629Z,,
https://www.youtube.com/watch?v=NoITOvzX5Kg,2023-01-28T11:39:02.928Z,,
https://www.youtube.com/watch?v=k2g6R0a4IpY,2023-01-28T11:24:36.055Z,,
https://www.youtube.com/watch?v=dYflujt-qdQ,2023-01-28T11:20:50.983Z,,
https://www.youtube.com/watch?v=P13pPiWlZoU,2023-01-28T11:20:09.940Z,,
https://www.youtube.com/watch?v=f3Xe0vL-LtM,2023-01-28T11:16:25.459Z,,
https://www.youtube.com/watch?v=rqm42J3ovyA,2023-01-28T11:14:15.383Z,,
https://www.youtube.com/watch?v=U-J8KSLsvmM,2023-01-28T11:13:55.134Z,,
https://www.youtube.com/watch?v=EaDDHKWvpB0,2023-01-28T11:13:40.448Z,,
https://www.youtube.com/watch?v=g_bcnNHkAok,2023-01-28T11:13:36.825Z,,
https://www.youtube.com/watch?v=hQDOM0nenpI,2023-01-28T11:13:12.872Z,,
https://www.youtube.com/watch?v=rZRIGOqJBYQ,2023-01-28T11:13:05.676Z,,
https://www.youtube.com/watch?v=f6CiS9TssaY,2023-01-28T11:12:27.529Z,,
https://www.youtube.com/watch?v=9LNglPnIwoE,2023-01-28T11:11:38.836Z,,
https://www.youtube.com/watch?v=UEhuXoN69vA,2023-01-28T11:11:09.535Z,,
https://www.youtube.com/watch?v=Kx7Bp-GQpgY,2023-01-28T11:10:53.524Z,,
https://www.youtube.com/watch?v=xRPT79BEpBQ,2023-01-28T11:10:03.272Z,,
https://www.youtube.com/watch?v=R8XJnmU_-V8,2023-01-28T11:09:59.834Z,,
https://www.youtube.com/watch?v=P4WN_q6Nk0c,2023-01-28T11:09:31.358Z,,
https://www.youtube.com/watch?v=17hfsmJmNss,2023-01-28T11:08:43.789Z,,
https://www.youtube.com/watch?v=D3-ad-bymrg,2023-01-28T11:08:07.218Z,,
https://www.youtube.com/watch?v=j1WftiYXgDU,2023-01-28T11:07:33.872Z,,
https://www.youtube.com/watch?v=gVr_qmy3Gfg,2023-01-28T11:06:33.800Z,,
https://www.youtube.com/watch?v=-pe91MrPYcs,2023-01-28T11:05:57.703Z,,
https://www.youtube.com/watch?v=pKiT2AEf1kA,2023-01-28T11:05:20.005Z,,
https://www.youtube.com/watch?v=78QMc1LKMys,2023-01-28T11:05:01.116Z,,
https://www.youtube.com/watch?v=9Rv1lvIwMHs,2023-01-28T11:04:38.565Z,,
https://www.youtube.com/watch?v=DvHIqzxHhkk,2023-01-28T11:04:19.255Z,,
https://www.youtube.com/watch?v=OVeBfwzZUFI,2023-01-28T11:03:58.749Z,,
https://www.youtube.com/watch?v=DyslD70uX5E,2023-01-28T11:03:22.558Z,,
https://www.youtube.com/watch?v=1tyj-rajgZ8,2023-01-28T11:02:45.672Z,,
https://www.youtube.com/watch?v=-Dw8p1-Tljg,2023-01-28T11:02:12.722Z,,
https://www.youtube.com/watch?v=--vzYFSu7h4,2023-01-28T10:59:15.938Z,,
https://www.youtube.com/watch?v=GCV8EbHt5Jw,2023-01-28T10:59:02.439Z,,
https://www.youtube.com/watch?v=mwsN7W4ttIo,2023-01-28T10:58:07.761Z,,
https://www.youtube.com/watch?v=EPrB_0OVcHo,2023-01-28T10:56:12.223Z,,
https://www.youtube.com/watch?v=UBbH46dT-m0,2023-01-28T10:45:30.765Z,,
https://www.youtube.com/watch?v=4H9jTQKmR3Q,2023-01-27T10:36:01.939Z,,
https://www.youtube.com/watch?v=f3Xe0vL-LtM,2023-01-27T07:55:24.532Z,,
https://www.youtube.com/watch?v=1jNNde4k9Ng,2023-01-27T07:55:19.196Z,,
https://www.youtube.com/watch?v=uW29YvC8LIY,2023-01-27T07:49:11.197Z,,
https://www.youtube.com/watch?v=egycPDwg0uY,2023-01-27T07:49:07.480Z,,
https://www.youtube.com/watch?v=1gToyjm4NNA,2023-01-27T07:47:31.783Z,,
https://www.youtube.com/watch?v=c2fPdHOF1-c,2023-01-27T07:46:47.095Z,,
https://www.youtube.com/watch?v=cvaS79mrVSM,2023-01-27T07:46:21.164Z,,
https://www.youtube.com/watch?v=z465sYMQbLk,2023-01-27T07:46:04.362Z,,
https://www.youtube.com/watch?v=tumKHJM2yDA,2023-01-27T07:45:22.589Z,,
https://www.youtube.com/watch?v=TG-xI415o1g,2023-01-27T07:44:20.292Z,,
https://www.youtube.com/watch?v=KoDPYX1-dTg,2023-01-27T07:43:38.131Z,,
https://www.youtube.com/watch?v=fk3dpkA4PL8,2023-01-27T07:41:42.907Z,,
https://www.youtube.com/watch?v=pmTxAZrFKZo,2023-01-27T07:40:37.421Z,,
https://www.youtube.com/watch?v=DcRnfsyqPPs,2023-01-27T07:39:42.874Z,,
https://www.youtube.com/watch?v=aibWWCnSuOQ,2023-01-27T07:39:26.629Z,,
https://www.youtube.com/watch?v=wKfyaOaG5lc,2023-01-27T07:38:59.472Z,,
https://www.youtube.com/watch?v=5fXPk0hqS5o,2023-01-27T07:38:04.924Z,,
https://www.youtube.com/watch?v=tGDmIEw3jfs,2023-01-27T07:37:15.058Z,,
https://www.youtube.com/watch?v=E9YwUeQPTzQ,2023-01-27T07:36:16.679Z,,
https://www.youtube.com/watch?v=sR35gtMBaPw,2023-01-27T07:35:28.700Z,,
https://www.youtube.com/watch?v=yYFNuQZ--aQ,2023-01-27T07:34:31.821Z,,
https://www.youtube.com/watch?v=gee2WsYdEm4,2023-01-27T07:33:34.278Z,,
https://www.youtube.com/watch?v=Ba5WhGnF5u8,2023-01-27T07:32:34.583Z,,
https://www.youtube.com/watch?v=PkFepEWnWtQ,2023-01-27T07:32:02.933Z,,
https://www.youtube.com/watch?v=YPiag_KSndQ,2023-01-27T07:31:01.381Z,,
https://www.youtube.com/watch?v=dktxaX7gWsY,2023-01-27T07:30:50.037Z,,
https://www.youtube.com/watch?v=VMgbjD2QQdg,2023-01-27T07:30:19.969Z,,
https://www.youtube.com/watch?v=nJoOLl4-pFo,2023-01-27T07:30:18.625Z,,
https://www.youtube.com/watch?v=iRikUgXdGUM,2023-01-27T07:30:17.261Z,,
https://www.youtube.com/watch?v=sXkTnsNnzOQ,2023-01-27T07:28:40.158Z,,
https://www.youtube.com/watch?v=twhu7HbU7VM,2023-01-27T07:28:19.017Z,,
https://www.youtube.com/watch?v=D9VEvjY-jSU,2023-01-27T07:28:05.262Z,,
https://www.youtube.com/watch?v=_SSH0Sf9QI8,2023-01-27T07:27:32.572Z,,
https://www.youtube.com/watch?v=aueBjZGJxLs,2023-01-27T07:26:30.562Z,,
https://www.youtube.com/watch?v=NqR5SIhrJXw,2023-01-27T07:25:34.707Z,,
https://www.youtube.com/watch?v=Qen40ZUkz9s,2023-01-27T07:24:47.879Z,,
https://www.youtube.com/watch?v=KGDhSmh5liI,2023-01-27T07:24:10.911Z,,
https://www.youtube.com/watch?v=DXlH9P9dhtY,2023-01-27T07:23:47.498Z,,
https://www.youtube.com/watch?v=SJaEWY1Tpew,2023-01-27T07:22:35.875Z,,
https://www.youtube.com/watch?v=ENXAt3BpaHY,2023-01-27T07:22:32.176Z,,
https://www.youtube.com/watch?v=w2vSSjPjXBE,2023-01-27T07:22:18.981Z,,
https://www.youtube.com/watch?v=a3R_sAgbPW8,2023-01-27T07:21:52.456Z,,
https://www.youtube.com/watch?v=ttG4EtoMPNI,2023-01-27T07:21:23.971Z,,
https://www.youtube.com/watch?v=dXJqcGZcjR0,2023-01-27T07:20:34.987Z,,
https://www.youtube.com/watch?v=s3Rg1Z14Jd8,2023-01-27T07:20:18.587Z,,
https://www.youtube.com/watch?v=4UA6Q68e-sE,2023-01-27T07:19:57.057Z,,
https://www.youtube.com/watch?v=mEclo6FoucU,2023-01-27T07:19:40.744Z,,
https://www.youtube.com/watch?v=jNtyCNg2auo,2023-01-27T07:19:00.703Z,,
https://www.youtube.com/watch?v=YWLP3KMOGNc,2023-01-27T07:18:24.276Z,,
https://www.youtube.com/watch?v=GSxZeqPk6mQ,2023-01-27T07:17:24.420Z,,
https://www.youtube.com/watch?v=uLexGHsj-hE,2023-01-27T07:16:25.383Z,,
https://www.youtube.com/watch?v=-Z4fXfRnt0w,2023-01-27T07:15:42.263Z,,
https://www.youtube.com/watch?v=LSvqu5tC-Ss,2023-01-27T07:05:04.128Z,,
https://www.youtube.com/watch?v=VK0tAWrmuXo,2023-01-27T07:03:40.952Z,,
https://www.youtube.com/watch?v=q9VEhyvysJY,2023-01-27T07:03:33.897Z,,
https://www.youtube.com/watch?v=05QB9ltmHTI,2023-01-27T07:02:48.177Z,,
https://www.youtube.com/watch?v=ZvrmS3wBCkE,2023-01-27T07:02:24.662Z,,
https://www.youtube.com/watch?v=rRAmNz6G3Tk,2023-01-27T06:59:47.232Z,,
https://www.youtube.com/watch?v=X4Rs1pscmOk,2023-01-27T06:59:34.050Z,,
https://www.youtube.com/watch?v=f9WaSW3kUJg,2023-01-27T06:58:58.566Z,,
https://www.youtube.com/watch?v=_o0ve9Ggvs4,2023-01-27T06:58:39.650Z,,
https://www.youtube.com/watch?v=NeImDuITsCo,2023-01-27T06:58:34.741Z,,
https://www.youtube.com/watch?v=3OuvIWFCBGI,2023-01-27T06:58:32.096Z,,
https://www.youtube.com/watch?v=Nlj1rV-IzbI,2023-01-27T06:58:22.102Z,,
https://www.youtube.com/watch?v=ZhfGI8d49t0,2023-01-27T06:58:11.976Z,,
https://www.youtube.com/watch?v=1w9TWn4SsKQ,2023-01-27T06:57:49.462Z,,
https://www.youtube.com/watch?v=WFbJZDE0pZs,2023-01-27T06:57:41.245Z,,
https://www.youtube.com/watch?v=xWUU0lV80KQ,2023-01-27T06:57:08.451Z,,
https://www.youtube.com/watch?v=xse17OzEMlE,2023-01-27T06:56:46.103Z,,
https://www.youtube.com/watch?v=1SguMpAzRo8,2023-01-27T06:56:27.583Z,,
https://www.youtube.com/watch?v=fbEOsRQBEhU,2023-01-27T06:55:48.884Z,,
https://www.youtube.com/watch?v=k2JT404TNWw,2023-01-27T06:55:35.472Z,,
https://www.youtube.com/watch?v=fyBWDdfRe0w,2023-01-27T06:55:29.240Z,,
https://www.youtube.com/watch?v=jcRAjr-L6FI,2023-01-27T06:55:16.861Z,,
https://www.youtube.com/watch?v=J-S1VdeEi9U,2023-01-27T06:53:40.128Z,,
https://www.youtube.com/watch?v=iJdtnwk3v98,2023-01-27T06:53:38.030Z,,
https://www.youtube.com/watch?v=u1TFZnTNIVs,2023-01-27T06:53:23.415Z,,
https://www.youtube.com/watch?v=g7HfsgF4J6c,2023-01-27T06:53:06.538Z,,
https://www.youtube.com/watch?v=-4eH02sZMtM,2023-01-27T06:51:46.351Z,,
https://www.youtube.com/watch?v=JUMgbX_TViM,2023-01-27T06:51:22.826Z,,
https://www.youtube.com/watch?v=K2mZ5qTCqho,2023-01-27T06:51:18.091Z,,
https://www.youtube.com/watch?v=BgTlz5HolfA,2023-01-27T06:51:13.418Z,,
https://www.youtube.com/watch?v=l8sl6-8uyMc,2023-01-27T06:51:09.687Z,,
https://www.youtube.com/watch?v=EoRoh_rqjR8,2023-01-27T06:50:54.050Z,,
https://www.youtube.com/watch?v=NiyO05I3wtc,2023-01-27T06:50:19.039Z,,
https://www.youtube.com/watch?v=-HkZrJ46MzQ,2023-01-27T06:50:15.693Z,,
https://www.youtube.com/watch?v=63lbR__TdqI,2023-01-27T06:49:46.087Z,,
https://www.youtube.com/watch?v=O0I0EOgPqcI,2023-01-27T06:49:42.732Z,,
https://www.youtube.com/watch?v=28BQ42GiTzM,2023-01-27T06:47:54.394Z,,
https://www.youtube.com/watch?v=k2PnuE_5FyQ,2023-01-27T06:47:50.770Z,,
https://www.youtube.com/watch?v=HZzSDsEKK8w,2023-01-27T06:47:09.140Z,,
https://www.youtube.com/watch?v=9ExFkTogNqY,2023-01-27T06:46:16.496Z,,
https://www.youtube.com/watch?v=y-UIuna4GIc,2023-01-27T06:46:02.201Z,,
https://www.youtube.com/watch?v=znOv_kE9Bm0,2023-01-27T06:45:01.856Z,,
https://www.youtube.com/watch?v=z4eOS9rXpIM,2023-01-27T06:44:52.111Z,,
https://www.youtube.com/watch?v=08B7-vWG1I8,2023-01-27T06:44:06.323Z,,
https://www.youtube.com/watch?v=D7sCzubsrRw,2023-01-27T06:43:43.095Z,,
https://www.youtube.com/watch?v=x5-5CxROm48,2023-01-27T06:42:32.939Z,,
https://www.youtube.com/watch?v=9t9833jUXx4,2023-01-27T06:41:31.179Z,,
https://www.youtube.com/watch?v=DzskrjYlg6s,2023-01-27T06:40:53.653Z,,
https://www.youtube.com/watch?v=Lf3Dy1w9Clg,2023-01-27T06:40:27.038Z,,
https://www.youtube.com/watch?v=le16HRIfLio,2023-01-27T06:39:30.690Z,,
https://www.youtube.com/watch?v=BqUNykd5m_E,2023-01-26T10:02:00.986Z,,
https://www.youtube.com/watch?v=lBbdmzqZMUg,2023-01-26T09:43:10.738Z,,
https://www.youtube.com/watch?v=rzqzrNXeAh4,2023-01-26T09:42:06.463Z,,
https://www.youtube.com/watch?v=8u3BweB4dCs,2023-01-26T06:58:03.516Z,,
https://www.youtube.com/watch?v=XcLVL4y8Q3Y,2023-01-26T06:41:35.289Z,,
https://www.youtube.com/watch?v=f3Xe0vL-LtM,2023-01-26T06:34:03.888Z,,
https://www.youtube.com/watch?v=hQfgA-yKzPU,2023-01-26T05:08:48.553Z,,
https://www.youtube.com/watch?v=upr5FIyQ4OA,2023-01-26T04:42:52.295Z,,
https://www.youtube.com/watch?v=yUSyMqDUkv8,2023-01-26T04:30:43.174Z,,
https://www.youtube.com/watch?v=oLwTC-lAJws,2023-01-26T04:29:08.562Z,,
https://www.youtube.com/watch?v=GcV1Qdt686E,2023-01-26T04:26:45.334Z,,
https://www.youtube.com/watch?v=I9ZfttEX_D4,2023-01-26T04:04:14.463Z,,
https://www.youtube.com/watch?v=4IYAOCDku_s,2023-01-26T04:02:08.749Z,,
https://www.youtube.com/watch?v=OFx1lbfARfQ,2023-01-26T03:59:36.838Z,,
https://www.youtube.com/watch?v=uy7B1Q5R6LA,2023-01-26T03:59:29.994Z,,
https://www.youtube.com/watch?v=B-IAOy9d6H8,2023-01-26T03:51:11.268Z,,
https://www.youtube.com/watch?v=1yP0CNHfJwg,2023-01-26T03:51:01.627Z,,
https://www.youtube.com/watch?v=VfSfxsr-bMk,2023-01-26T03:50:25.413Z,,
https://www.youtube.com/watch?v=IgkhY2M3AFs,2023-01-26T03:50:13.026Z,,
https://www.youtube.com/watch?v=zCnyoo0a0WY,2023-01-26T03:49:43.436Z,,
https://www.youtube.com/watch?v=hM4ZAmeMUrs,2023-01-26T03:48:59.788Z,,
https://www.youtube.com/watch?v=S99vuvCOCQ4,2023-01-26T03:14:46.892Z,,
https://www.youtube.com/watch?v=OKWehJp8nGo,2023-01-26T03:14:20.963Z,,
https://www.youtube.com/watch?v=yR6EnBqjKNs,2023-01-26T03:13:06.951Z,,
https://www.youtube.com/watch?v=znkNt81FM48,2023-01-26T03:11:48.468Z,,
https://www.youtube.com/watch?v=0kQ2MppO-Vg,2023-01-26T03:11:25.248Z,,
https://www.youtube.com/watch?v=CeZ9wI4xsF8,2023-01-26T03:10:26.146Z,,
https://www.youtube.com/watch?v=AV5QH_TeEAc,2023-01-25T19:11:52.093Z,,
https://www.youtube.com/watch?v=xZR-eqX6NIA,2023-01-25T19:11:48.671Z,,
https://www.youtube.com/watch?v=BNXPd6I1MuQ,2023-01-25T19:11:33.768Z,,
https://www.youtube.com/watch?v=lZuMB6cXQUU,2023-01-25T19:02:11.885Z,,
https://www.youtube.com/watch?v=NzJnoXW1ov8,2023-01-25T18:51:21.498Z,,
https://www.youtube.com/watch?v=uYqY9aW7ffE,2023-01-25T18:50:53.920Z,,
https://www.youtube.com/watch?v=VNmysOqYdkk,2023-01-25T18:37:53.316Z,,
https://www.youtube.com/watch?v=1oyPdURIKto,2023-01-25T18:15:49.518Z,,
https://www.youtube.com/watch?v=Otzz4yTY5Ww,2023-01-25T18:14:19.077Z,,
https://www.youtube.com/watch?v=tKEhj-KQCQg,2023-01-25T18:13:56.793Z,,
https://www.youtube.com/watch?v=tvlLE60dC0g,2023-01-25T04:57:27.542Z,,
https://www.youtube.com/watch?v=9zMm52ObFsk,2023-01-25T04:41:49.539Z,,
https://www.youtube.com/watch?v=ufcxGRn9U9A,2023-01-25T04:27:08.224Z,,
https://www.youtube.com/watch?v=nd-gK43wBbQ,2023-01-24T02:31:06.173Z,,
https://www.youtube.com/watch?v=9IuThdbFqg4,2023-01-24T02:30:54.293Z,,
https://www.youtube.com/watch?v=0GdqCK7e8CI,2023-01-24T02:30:33.581Z,,
https://www.youtube.com/watch?v=VegHDe-Mngs,2023-01-24T02:30:03.611Z,,
https://www.youtube.com/watch?v=IReDDkI_EOc,2023-01-24T02:30:00.648Z,,
https://www.youtube.com/watch?v=gk9rX5zXXZ4,2023-01-24T02:29:05.563Z,,
https://www.youtube.com/watch?v=Gg_foZXVpW0,2023-01-24T02:29:02.714Z,,
https://www.youtube.com/watch?v=NOw95kIscgQ,2023-01-24T02:28:20.985Z,,
https://www.youtube.com/watch?v=7oOi1rdgNrI,2023-01-24T02:27:57.681Z,,
https://www.youtube.com/watch?v=3qVXllIA9J8,2023-01-24T02:27:38.278Z,,
https://www.youtube.com/watch?v=_LZ0md4L69s,2023-01-24T02:26:19.881Z,,
https://www.youtube.com/watch?v=tw1ADnqU1FY,2023-01-24T02:25:58.285Z,,
https://www.youtube.com/watch?v=u-DEFhpWuWY,2023-01-24T02:25:51.508Z,,
https://www.youtube.com/watch?v=Y--HwIP0bno,2023-01-24T02:25:27.534Z,,
https://www.youtube.com/watch?v=NJSsoA5IyYg,2023-01-24T02:25:22.707Z,,
https://www.youtube.com/watch?v=n_iob2LFUVw,2023-01-24T02:25:01.778Z,,
https://www.youtube.com/watch?v=RjEcipuhDP8,2023-01-24T02:24:48.362Z,,
https://www.youtube.com/watch?v=DD3tyKDx-VY,2023-01-24T02:24:21.802Z,,
https://www.youtube.com/watch?v=SQxtACIeohk,2023-01-24T02:23:25.192Z,,
https://www.youtube.com/watch?v=d_omPU48sIg,2023-01-24T02:22:32.199Z,,
https://www.youtube.com/watch?v=1Ig72-zJ-gQ,2023-01-24T02:21:39.121Z,,
https://www.youtube.com/watch?v=dZUAu0g4xUs,2023-01-24T02:21:12.595Z,,
https://www.youtube.com/watch?v=McOIVD5bCg4,2023-01-24T02:21:07.053Z,,
https://www.youtube.com/watch?v=uP7mddUDizY,2023-01-24T02:20:33.596Z,,
https://www.youtube.com/watch?v=Oc304dBJUeo,2023-01-24T02:20:11.146Z,,
https://www.youtube.com/watch?v=GixbGInOv6Q,2023-01-24T02:19:49.654Z,,
https://www.youtube.com/watch?v=JAFFMuE1Cfo,2023-01-24T02:19:24.112Z,,
https://www.youtube.com/watch?v=nrwZZqCmmO0,2023-01-24T02:18:39.529Z,,
https://www.youtube.com/watch?v=0DKvDCzhSnY,2023-01-24T02:18:27.040Z,,
https://www.youtube.com/watch?v=TUZMYvhoGrU,2023-01-24T02:18:10.329Z,,
https://www.youtube.com/watch?v=H8UFjRVi9ZA,2023-01-24T02:18:05.354Z,,
https://www.youtube.com/watch?v=jQHqDCCiSvA,2023-01-24T02:17:00.302Z,,
https://www.youtube.com/watch?v=GC_ZIryUtoc,2023-01-24T02:16:42.866Z,,
https://www.youtube.com/watch?v=BvFL9NTrSyc,2023-01-24T02:16:26.205Z,,
https://www.youtube.com/watch?v=g7mE-COZ60E,2023-01-24T02:16:12.686Z,,
https://www.youtube.com/watch?v=fC0RVWF7JIA,2023-01-24T02:15:40.720Z,,
https://www.youtube.com/watch?v=kEJVpqpyqEk,2023-01-24T02:15:08.969Z,,
https://www.youtube.com/watch?v=xTcxAHAxBH0,2023-01-24T02:14:27.841Z,,
https://www.youtube.com/watch?v=b-LNK1nON6E,2023-01-24T02:13:53.016Z,,
https://www.youtube.com/watch?v=n-DtBGODgd0,2023-01-24T02:13:36.798Z,,
https://www.youtube.com/watch?v=4SnDBwoYMz4,2023-01-24T02:13:14.116Z,,
https://www.youtube.com/watch?v=iLG0ebHyBtQ,2023-01-24T02:12:53.798Z,,
https://www.youtube.com/watch?v=pZf1f4ZbqKQ,2023-01-24T02:12:10.349Z,,
https://www.youtube.com/watch?v=Qj9HmKzUVPo,2023-01-24T02:11:48.795Z,,
https://www.youtube.com/watch?v=2nNpRxank04,2023-01-24T02:11:47.969Z,,
https://www.youtube.com/watch?v=4MxVadlnQRE,2023-01-24T02:11:46.921Z,,
https://www.youtube.com/watch?v=KjAWESE2VE0,2023-01-24T02:11:20.878Z,,
https://www.youtube.com/watch?v=hAlSTOJlYTQ,2023-01-24T02:09:55.351Z,,
https://www.youtube.com/watch?v=-DBGXrJCGeI,2023-01-24T02:09:13.189Z,,
https://www.youtube.com/watch?v=0aBmyraJ0pc,2023-01-24T02:06:03.416Z,,
https://www.youtube.com/watch?v=ZpFusu4z7uQ,2023-01-24T02:05:11.552Z,,
https://www.youtube.com/watch?v=muGOJQBW4Ys,2023-01-24T02:04:24.531Z,,
https://www.youtube.com/watch?v=zI5q5rM47u4,2023-01-24T02:04:16.506Z,,
https://www.youtube.com/watch?v=-yep4niyGjA,2023-01-24T02:03:54.519Z,,
https://www.youtube.com/watch?v=yqPbefLz6e0,2023-01-24T02:03:49.567Z,,
https://www.youtube.com/watch?v=ABhO1qXsNRw,2023-01-24T02:03:46.270Z,,
https://www.youtube.com/watch?v=f6EXOnVIeBQ,2023-01-24T02:03:23.969Z,,
https://www.youtube.com/watch?v=gfENXGO0Jds,2023-01-24T02:03:04.944Z,,
https://www.youtube.com/watch?v=qIp9D296CF8,2023-01-24T02:02:44.019Z,,
https://www.youtube.com/watch?v=fEkwSxBdAKc,2023-01-24T02:02:34.458Z,,
https://www.youtube.com/watch?v=AXxFlqzTLCw,2023-01-24T02:02:23.860Z,,
https://www.youtube.com/watch?v=2y8esnd1UHQ,2023-01-24T02:02:01.892Z,,
https://www.youtube.com/watch?v=gKzbkLZn2wM,2023-01-24T02:01:20.463Z,,
https://www.youtube.com/watch?v=jhg74h1h_f4,2023-01-24T02:01:14.541Z,,
https://www.youtube.com/watch?v=EQyZ55e4KU8,2023-01-24T02:00:51.957Z,,
https://www.youtube.com/watch?v=AopIWVwIhso,2023-01-24T01:59:44.189Z,,
https://www.youtube.com/watch?v=zMELKkW21QI,2023-01-24T01:58:37.747Z,,
https://www.youtube.com/watch?v=mf9yTm6pCYU,2023-01-24T01:58:08.683Z,,
https://www.youtube.com/watch?v=9yHDhUlNxPc,2023-01-24T01:50:43.757Z,,
https://www.youtube.com/watch?v=9U3s1U0FFdI,2023-01-24T01:49:36.086Z,,
https://www.youtube.com/watch?v=ApsA-6W5emg,2023-01-24T01:48:24.648Z,,
https://www.youtube.com/watch?v=PDx_mT3JxSw,2023-01-24T01:47:20.162Z,,
https://www.youtube.com/watch?v=D8SJN6lDkyg,2023-01-24T01:46:34.569Z,,
https://www.youtube.com/watch?v=FI_Si4_f02U,2023-01-24T01:44:08.998Z,,
https://www.youtube.com/watch?v=RST0ciiGaQ0,2023-01-24T01:43:08.759Z,,
https://www.youtube.com/watch?v=BOhfrWAD_DA,2023-01-24T00:51:48.542Z,,
https://www.youtube.com/watch?v=JX7b7UsHL-o,2023-01-24T00:50:27.050Z,,
https://www.youtube.com/watch?v=mc8LVXgeqpg,2023-01-24T00:49:39.847Z,,
https://www.youtube.com/watch?v=BL7xK_q2KTI,2023-01-24T00:49:11.923Z,,
https://www.youtube.com/watch?v=h2EJ0roaSq0,2023-01-24T00:49:06.955Z,,
https://www.youtube.com/watch?v=DkKSsk7CyMA,2023-01-24T00:48:27.620Z,,
https://www.youtube.com/watch?v=0FJGfLt2ztg,2023-01-24T00:47:35.424Z,,
https://www.youtube.com/watch?v=aH6Ean7l5Ic,2023-01-24T00:46:39.013Z,,
https://www.youtube.com/watch?v=DIedBzlykiE,2023-01-24T00:43:52.988Z,,
https://www.youtube.com/watch?v=9tO43B7FAmI,2023-01-24T00:43:22.189Z,,
https://www.youtube.com/watch?v=spHtdHnbPJU,2023-01-24T00:42:59.518Z,,
https://www.youtube.com/watch?v=0qcZy3atYOs,2023-01-24T00:42:00.485Z,,
https://www.youtube.com/watch?v=ru-CPFZjhPU,2023-01-24T00:41:35.031Z,,
https://www.youtube.com/watch?v=lcpDY75gNsI,2023-01-24T00:41:08.206Z,,
https://www.youtube.com/watch?v=RB0hdkSkX3Q,2023-01-24T00:40:39.229Z,,
https://www.youtube.com/watch?v=6Liv4JJi7AU,2023-01-24T00:39:05.629Z,,
https://www.youtube.com/watch?v=EZOUArjhSWQ,2023-01-24T00:38:38.277Z,,
https://www.youtube.com/watch?v=xZBI26DUznU,2023-01-23T17:27:00.950Z,,
https://www.youtube.com/watch?v=Bo7NCk9Zf24,2023-01-23T17:15:27.774Z,,
https://www.youtube.com/watch?v=uBB1PuaMowE,2023-01-23T05:06:50.052Z,,
https://www.youtube.com/watch?v=o2ixj0m4F_E,2023-01-23T04:52:29.526Z,,
https://www.youtube.com/watch?v=Ah5hLApBtPc,2023-01-22T19:20:12.685Z,,
https://www.youtube.com/watch?v=iE9B0JdENIw,2023-01-22T19:19:36.685Z,,
https://www.youtube.com/watch?v=SiWWXlYJcpg,2023-01-22T19:09:57.109Z,,
https://www.youtube.com/watch?v=Zc3PT4JjyLc,2023-01-22T19:01:48.396Z,,
https://www.youtube.com/watch?v=0RzpxvjfQ50,2023-01-22T19:00:53.523Z,,
https://www.youtube.com/watch?v=Fcgh4hWrniM,2023-01-22T07:25:28.341Z,,
https://www.youtube.com/watch?v=CjhBcSS_7yg,2023-01-22T07:03:07.624Z,,
https://www.youtube.com/watch?v=FXqOFSSy7CQ,2023-01-22T06:53:43.016Z,,
https://www.youtube.com/watch?v=WGgCY7dEvF8,2023-01-22T06:42:52.808Z,,
https://www.youtube.com/watch?v=_qs0rfHGnrw,2023-01-22T06:40:51.038Z,,
https://www.youtube.com/watch?v=i64NIkQPfOE,2023-01-22T06:13:31.089Z,,
https://www.youtube.com/watch?v=3ttJD3Xaysk,2023-01-22T00:56:14.453Z,,
https://www.youtube.com/watch?v=1XyJnck-jaQ,2023-01-22T00:27:23.545Z,,
https://www.youtube.com/watch?v=iD-D78Rhqnw,2023-01-22T00:05:09.119Z,,
https://www.youtube.com/watch?v=LZf8yA8GUbE,2023-01-22T00:04:21.428Z,,
https://www.youtube.com/watch?v=ZbybAnO2rXI,2023-01-21T18:25:14.633Z,,
https://www.youtube.com/watch?v=fjRaA-8CV4A,2023-01-21T18:20:29.686Z,,
https://www.youtube.com/watch?v=hkFXjO5edik,2023-01-21T18:19:35.882Z,,
https://www.youtube.com/watch?v=s6nanoNrKgg,2023-01-21T17:18:08.509Z,,
https://www.youtube.com/watch?v=zGsl0Wk3WKY,2023-01-20T13:33:08.248Z,,
https://www.youtube.com/watch?v=cvgxvwNbQXI,2023-01-20T09:59:23.465Z,,
https://www.youtube.com/watch?v=EglP2cx8ldM,2023-01-20T09:53:38.934Z,,
https://www.youtube.com/watch?v=uEEFOKNA0PM,2023-01-20T09:52:17.196Z,,
,2023-01-20T08:01:22.761Z,,
,2023-01-20T08:01:07.797Z,,
,2023-01-20T08:00:26.396Z,,
https://www.youtube.com/watch?v=JgjynvuCL0o,2023-01-20T07:57:04.078Z,,
https://www.youtube.com/watch?v=L3sm-25DXzU,2023-01-20T07:51:31.916Z,,
https://www.youtube.com/watch?v=LTe0bA88aEc,2023-01-20T07:51:04.848Z,,
https://www.youtube.com/watch?v=IO5Y0Vw3sKA,2023-01-20T03:33:40.337Z,,
https://www.youtube.com/watch?v=xAxGIIkhlz8,2023-01-20T03:33:36.626Z,,
https://www.youtube.com/watch?v=Qwr3ZGwj0ho,2023-01-20T03:31:14.827Z,,
https://www.youtube.com/watch?v=ZNiPuTwZ4q0,2023-01-19T10:18:21.251Z,,
https://www.youtube.com/watch?v=_C-vGu2mL38,2023-01-19T10:16:14.420Z,,
https://www.youtube.com/watch?v=TH6M6tnP6dA,2023-01-19T10:14:32.518Z,,
https://www.youtube.com/watch?v=UnzsRPYgtN0,2023-01-19T10:07:16.908Z,,
https://www.youtube.com/watch?v=0o8ft5Rhwms,2023-01-19T10:07:02.150Z,,
https://www.youtube.com/watch?v=vaDJ4B-DkYo,2023-01-19T09:52:20.092Z,,
https://www.youtube.com/watch?v=ImqYwkFGGNk,2023-01-19T06:51:46.070Z,,
https://www.youtube.com/watch?v=vVuWXi_zkHI,2023-01-19T06:44:07.278Z,,
https://www.youtube.com/watch?v=g_7F1fOO8fI,2023-01-19T06:41:29.971Z,,
https://www.youtube.com/watch?v=oJwEDFNTa_4,2023-01-19T06:41:28.009Z,,
https://www.youtube.com/watch?v=j0c_I7MWB1U,2023-01-19T04:41:03.442Z,,
https://www.youtube.com/watch?v=grKw1kVd474,2023-01-19T04:28:04.817Z,,
https://www.youtube.com/watch?v=1yyRvyNQ5rQ,2023-01-19T04:25:04.881Z,,
https://www.youtube.com/watch?v=bSpOU-5aq-8,2023-01-19T04:21:53.285Z,,
https://www.youtube.com/watch?v=vG8fNenpgCQ,2023-01-19T04:18:55.314Z,,
https://www.youtube.com/watch?v=umWu2a3MKJk,2023-01-19T04:07:13.112Z,,
https://www.youtube.com/watch?v=q5wLZTSIe6U,2023-01-19T04:02:55.805Z,,
https://www.youtube.com/watch?v=eHLhgCpBh7E,2023-01-19T03:35:33.888Z,,
https://www.youtube.com/watch?v=em9HVCGAIKc,2023-01-19T03:33:00.516Z,,
https://www.youtube.com/watch?v=1msbC_q5crg,2023-01-19T03:17:14.630Z,,
https://www.youtube.com/watch?v=4SjxUqG2WZU,2023-01-18T18:29:56.275Z,,
https://www.youtube.com/watch?v=f62OOQszOio,2023-01-18T18:07:57.477Z,,
https://www.youtube.com/watch?v=5wFyZJ8yH9Q,2023-01-18T18:03:19.079Z,,
https://www.youtube.com/watch?v=pcKY4hjDrxk,2023-01-18T17:37:08.787Z,,
https://www.youtube.com/watch?v=oDqjPvD54Ss,2023-01-18T17:36:37.911Z,,
https://www.youtube.com/watch?v=iaBEKo5sM7w,2023-01-18T17:35:00.134Z,,
https://www.youtube.com/watch?v=c2Rybd82u6M,2023-01-18T04:38:48.324Z,,
https://www.youtube.com/watch?v=aZOcnYj6I8U,2023-01-18T04:25:45.610Z,,
https://www.youtube.com/watch?v=gYiRY4uvWCg,2023-01-18T04:21:36.418Z,,
https://www.youtube.com/watch?v=TAKnEN_ngtc,2023-01-18T04:09:43.593Z,,
https://www.youtube.com/watch?v=qKcQFmxUo7A,2023-01-18T04:08:48.171Z,,
https://www.youtube.com/watch?v=pDxI_Wd2uXs,2023-01-18T04:07:01.995Z,,
https://www.youtube.com/watch?v=nr7OoZtgbK0,2023-01-18T04:03:51.634Z,,
https://www.youtube.com/watch?v=k8fsVzyj-PA,2023-01-18T03:53:41.183Z,,
https://www.youtube.com/watch?v=DTJSREjWH7Y,2023-01-18T03:44:56.772Z,,
https://www.youtube.com/watch?v=xXvIPYuiZQo,2023-01-18T03:34:12.739Z,,
https://www.youtube.com/watch?v=fDfsT1H9K6c,2023-01-18T03:32:09.225Z,,
https://www.youtube.com/watch?v=K7Z5d_SbQDY,2023-01-18T03:31:43.796Z,,
https://www.youtube.com/watch?v=zWrwPr1OEuk,2023-01-18T03:24:20.994Z,,
https://www.youtube.com/watch?v=z9VlaSRmcWE,2023-01-17T17:50:11.973Z,,
https://www.youtube.com/watch?v=ZnSp-_VTKBg,2023-01-17T17:29:59.243Z,,
https://www.youtube.com/watch?v=oTL9lQa4z38,2023-01-17T14:58:50.071Z,,
https://www.youtube.com/watch?v=5lTUhAX8o9s,2023-01-17T13:09:10.699Z,,
https://www.youtube.com/watch?v=TSO7-JvvqDs,2023-01-17T13:08:44.082Z,,
https://www.youtube.com/watch?v=5kGRuhNflts,2023-01-17T03:50:13.831Z,,
https://www.youtube.com/watch?v=B2qU_USxMas,2023-01-17T03:38:39.755Z,,
https://www.youtube.com/watch?v=GSdD886afCk,2023-01-17T03:33:28.208Z,,
https://www.youtube.com/watch?v=s_Chsfe7Ic8,2023-01-17T03:32:37.841Z,,
https://www.youtube.com/watch?v=hVGL-KXSXXI,2023-01-17T03:21:42.886Z,,
https://www.youtube.com/watch?v=xpvBT_UuRbk,2023-01-17T03:16:35.351Z,,
https://www.youtube.com/watch?v=VVoZA892-5U,2023-01-17T03:11:59.396Z,,
https://www.youtube.com/watch?v=06cEcfRUD9g,2023-01-17T02:45:59.493Z,,
https://www.youtube.com/watch?v=1MAO8Dkpj3U,2023-01-16T14:55:09.527Z,,
https://www.youtube.com/watch?v=rhNfbNj7XxQ,2023-01-16T14:54:59.282Z,,
https://www.youtube.com/watch?v=i8LNg4ziZgU,2023-01-16T14:53:06.179Z,,
https://www.youtube.com/watch?v=6KSUj281pF0,2023-01-16T14:09:44.404Z,,
https://www.youtube.com/watch?v=DzaoxlUe8Gk,2023-01-16T14:04:47.128Z,,
https://www.youtube.com/watch?v=-rspatALuXM,2023-01-16T14:00:50.786Z,,
https://www.youtube.com/watch?v=Pb3pkEvUYVM,2023-01-16T12:11:07.297Z,,
https://www.youtube.com/watch?v=ywzYRo1YIv4,2023-01-16T11:37:14.891Z,,
https://www.youtube.com/watch?v=1jNNde4k9Ng,2023-01-16T11:35:47.857Z,,
https://www.youtube.com/watch?v=vx_OpiMuXb8,2023-01-16T05:53:14.265Z,,
https://www.youtube.com/watch?v=KMFP6UuEsfA,2023-01-16T05:52:47.493Z,,
https://www.youtube.com/watch?v=_2vPmq8tqS4,2023-01-16T04:43:44.737Z,,
https://www.youtube.com/watch?v=q4sWioP5y54,2023-01-16T04:42:12.849Z,,
https://www.youtube.com/watch?v=4sI_GH2eT1Q,2023-01-16T03:23:23.464Z,,
https://www.youtube.com/watch?v=-vrnlAX7w2A,2023-01-16T03:22:47.653Z,,
https://www.youtube.com/watch?v=nl67M-fS8gI,2023-01-16T03:22:32.798Z,,
https://www.youtube.com/watch?v=3Di9xjW9zM0,2023-01-16T03:21:53.646Z,,
https://www.youtube.com/watch?v=zJGBnnpQW6g,2023-01-16T03:07:13.303Z,,
https://www.youtube.com/watch?v=nfHPUhV4L38,2023-01-15T19:15:27.875Z,,
https://www.youtube.com/watch?v=QzA2wyD3Yso,2023-01-15T19:15:20.883Z,,
https://www.youtube.com/watch?v=RdvIIWkBml4,2023-01-15T19:15:18.971Z,,
https://www.youtube.com/watch?v=syJ7xMT0pY0,2023-01-15T19:15:18.050Z,,
https://www.youtube.com/watch?v=G6aODpNMpTI,2023-01-15T19:05:45.416Z,,
https://www.youtube.com/watch?v=2IX-tGrdwnc,2023-01-15T18:51:06.872Z,,
https://www.youtube.com/watch?v=-rspatALuXM,2023-01-15T18:51:04.278Z,,
https://www.youtube.com/watch?v=DiU49xamLdM,2023-01-15T18:38:21.324Z,,
https://www.youtube.com/watch?v=f8EpUJU1mG4,2023-01-15T18:12:41.211Z,,
https://www.youtube.com/watch?v=bBErGQTFx4A,2023-01-15T18:09:53.510Z,,
https://www.youtube.com/watch?v=xSamRkXtEUI,2023-01-15T17:48:16.475Z,,
https://www.youtube.com/watch?v=i_BTa45UESU,2023-01-15T17:11:09.595Z,,
https://www.youtube.com/watch?v=Dn9OulQVYh8,2023-01-15T09:29:43.435Z,,
https://www.youtube.com/watch?v=dlmdbpuaD5M,2023-01-15T09:13:27.704Z,,
https://www.youtube.com/watch?v=F0_YTXENCzg,2023-01-15T09:13:24.872Z,,
https://www.youtube.com/watch?v=uFInsrdnvjI,2023-01-15T09:12:00.870Z,,
https://www.youtube.com/watch?v=nXzbnbgqAtQ,2023-01-15T09:11:49.905Z,,
https://www.youtube.com/watch?v=oWO5ihqOOFA,2023-01-15T08:48:34.784Z,,
https://www.youtube.com/watch?v=eLESHiZZ9Ds,2023-01-14T17:12:29.760Z,,
https://www.youtube.com/watch?v=Ijz36jEDJ5U,2023-01-14T17:12:28.108Z,,
https://www.youtube.com/watch?v=J1jkWZEHV7k,2023-01-14T17:12:12.843Z,,
https://www.youtube.com/watch?v=9tDzvJMXDRw,2023-01-14T17:11:37.818Z,,
https://www.youtube.com/watch?v=G77INm0dac4,2023-01-14T15:28:45.734Z,,
https://www.youtube.com/watch?v=ho8fvPH_Ro0,2023-01-14T13:28:51.100Z,,
https://www.youtube.com/watch?v=Y-Gyh06I-nw,2023-01-14T13:26:10.629Z,,
https://www.youtube.com/watch?v=W-ryfy4t5HQ,2023-01-14T13:23:55.488Z,,
https://www.youtube.com/watch?v=7-bk8mEb2no,2023-01-13T20:15:05.376Z,,
https://www.youtube.com/watch?v=n1JkFZIEY_k,2023-01-13T20:13:55.976Z,,
https://www.youtube.com/watch?v=zMmbiiTP3Vs,2023-01-13T20:10:41.222Z,,
,2023-01-13T20:08:58.508Z,,
,2023-01-13T20:08:49.383Z,,
,2023-01-13T20:07:24.978Z,,
https://www.youtube.com/watch?v=dLB6zHlI1vo,2023-01-13T20:01:09.594Z,,
https://www.youtube.com/watch?v=6zmI_BU18xk,2023-01-13T16:41:41.281Z,,
https://www.youtube.com/watch?v=hLCUIiodY70,2023-01-13T15:55:32.348Z,,
https://www.youtube.com/watch?v=gA1WcPP9uLk,2023-01-13T15:55:21.418Z,,
https://www.youtube.com/watch?v=nqKctIEV5ak,2023-01-13T15:54:53.449Z,,
https://www.youtube.com/watch?v=7KgpfT6vgUs,2023-01-13T12:40:45.858Z,,
https://www.youtube.com/watch?v=E_NmiAd0D7E,2023-01-13T12:28:50.223Z,,
https://www.youtube.com/watch?v=Wn9L1MD_y0Y,2023-01-13T11:03:13.948Z,,
https://www.youtube.com/watch?v=qspkGIbgdro,2023-01-13T11:00:58.228Z,,
https://www.youtube.com/watch?v=cdkzcNu4k34,2023-01-13T07:18:39.316Z,,
https://www.youtube.com/watch?v=B1IsCbXp0uE,2023-01-13T07:07:21.266Z,,
https://www.youtube.com/watch?v=87nz18KpXYg,2023-01-13T07:06:37.398Z,,
https://www.youtube.com/watch?v=ywH2rsL371Q,2023-01-13T07:05:28.028Z,,
https://www.youtube.com/watch?v=pJ0auP7dbcY,2023-01-13T03:13:07.039Z,,
https://www.youtube.com/watch?v=Lqz5OzwXuw8,2023-01-13T03:00:43.966Z,,
,2023-01-13T03:00:40.453Z,,
https://www.youtube.com/watch?v=LNplpO2VG2s,2023-01-13T02:50:48.220Z,,
https://www.youtube.com/watch?v=wexCsGZKPZE,2023-01-13T02:49:16.984Z,,
https://www.youtube.com/watch?v=QsK8n1Ndv-Y,2023-01-13T02:37:53.557Z,,
https://www.youtube.com/watch?v=ydAyvvDQrgY,2023-01-13T02:37:02.889Z,,
https://www.youtube.com/watch?v=gA1WcPP9uLk,2023-01-12T19:54:42.118Z,,
https://www.youtube.com/watch?v=9tDzvJMXDRw,2023-01-12T19:53:31.953Z,,
https://www.youtube.com/watch?v=MzyutQYpQM0,2023-01-12T19:32:44.373Z,,
https://www.youtube.com/watch?v=GE6YyHZApu4,2023-01-12T19:23:25.370Z,,
https://www.youtube.com/watch?v=yBfNLyg6h0o,2023-01-12T19:13:15.656Z,,
https://www.youtube.com/watch?v=nAhaYN-cPF0,2023-01-12T19:08:52.615Z,,
https://www.youtube.com/watch?v=C_mGIChwq4Y,2023-01-12T19:00:56.108Z,,
,2023-01-12T19:00:01.117Z,,
,2023-01-12T18:59:26.961Z,,
,2023-01-12T18:58:51.980Z,,
https://www.youtube.com/watch?v=Am_JI2bhwjU,2023-01-12T18:55:49.704Z,,
https://www.youtube.com/watch?v=qHYJjL6EmPA,2023-01-12T18:53:13.193Z,,
https://www.youtube.com/watch?v=fH_9K2EQ5Lo,2023-01-12T09:37:20.079Z,,
https://www.youtube.com/watch?v=_D6k7fGAJoE,2023-01-12T08:03:55.265Z,,
https://www.youtube.com/watch?v=uAstV9-0SE8,2023-01-12T04:59:42.498Z,,
https://www.youtube.com/watch?v=veEQQ-N9xWU,2023-01-12T04:40:08.791Z,,
https://www.youtube.com/watch?v=orOJb8MDaGk,2023-01-12T04:25:58.514Z,,
https://www.youtube.com/watch?v=NutspaaK0Lo,2023-01-12T03:33:39.542Z,,
https://www.youtube.com/watch?v=Cqzd9Y8A6Vk,2023-01-12T03:28:19.242Z,,
https://www.youtube.com/watch?v=BJfmfkDQb14,2023-01-11T18:38:41.954Z,,
https://www.youtube.com/watch?v=9L6oW80ux3s,2023-01-11T18:37:16.389Z,,
https://www.youtube.com/watch?v=9ERQ_ma7-HM,2023-01-11T18:36:04.849Z,,
https://www.youtube.com/watch?v=qBISgHr-bTs,2023-01-11T16:28:40.974Z,,
https://www.youtube.com/watch?v=7h1s2SojIRw,2023-01-11T08:59:20.051Z,,
https://www.youtube.com/watch?v=WaNLJf8xzC4,2023-01-11T08:58:16.378Z,,
https://www.youtube.com/watch?v=o2dm4X-t8L0,2023-01-11T08:57:31.916Z,,
https://www.youtube.com/watch?v=fTmV6_Rjd4o,2023-01-11T04:58:32.333Z,,
https://www.youtube.com/watch?v=rbjAilk31Sg,2023-01-11T04:55:51.941Z,,
https://www.youtube.com/watch?v=AtJ_Xlmtxwg,2023-01-10T19:36:32.521Z,,
https://www.youtube.com/watch?v=jDKZLMqg8yI,2023-01-10T19:18:36.737Z,,
https://www.youtube.com/watch?v=KDZpgiU-ayE,2023-01-10T18:58:47.028Z,,
https://www.youtube.com/watch?v=rS9j13mtnGI,2023-01-10T18:41:54.467Z,,
https://www.youtube.com/watch?v=3i1lNJPY-4Q,2023-01-10T18:29:18.086Z,,
https://www.youtube.com/watch?v=KL3o3tS_6c8,2023-01-10T04:53:20.664Z,From Google Ads,
https://www.youtube.com/watch?v=n0H5qLFlhM0,2023-01-09T18:48:08.032Z,,
https://www.youtube.com/watch?v=WD8jbNHRujU,2023-01-09T17:06:24.389Z,,
https://www.youtube.com/watch?v=gA1WcPP9uLk,2023-01-09T17:06:10.910Z,,
https://www.youtube.com/watch?v=80GtXgCSYJw,2023-01-09T07:16:55.138Z,,
https://www.youtube.com/watch?v=AmKkovDO1_w,2023-01-09T07:12:49.756Z,,
https://www.youtube.com/watch?v=jlCNqyY-fAk,2023-01-09T07:08:23.070Z,,
https://www.youtube.com/watch?v=-RSe8aOuZMQ,2023-01-09T07:03:50.502Z,,
https://www.youtube.com/watch?v=ftsV9swgm_E,2023-01-09T06:31:19.568Z,,
https://www.youtube.com/watch?v=yL30hznsUAU,2023-01-09T06:18:09.686Z,,
https://www.youtube.com/watch?v=D6WCPog7NzQ,2023-01-09T05:57:21.682Z,,
https://www.youtube.com/watch?v=37q9GB8oblM,2023-01-09T05:54:53.082Z,,
https://www.youtube.com/watch?v=jo1cYtWX4_I,2023-01-09T05:50:23.679Z,,
https://www.youtube.com/watch?v=rRWQXuSNKgU,2023-01-09T05:42:32.298Z,,
https://www.youtube.com/watch?v=Pzj9Ryibp7M,2023-01-09T05:39:17.089Z,,
https://www.youtube.com/watch?v=DoQWWjH2sbY,2023-01-09T05:39:05.023Z,,
https://www.youtube.com/watch?v=JMy06ey6V50,2023-01-09T05:38:50.414Z,,
https://www.youtube.com/watch?v=a133rRw0t1U,2023-01-09T05:28:21.874Z,,
https://www.youtube.com/watch?v=c0HsIrKnhaI,2023-01-09T05:26:22.825Z,,
https://www.youtube.com/watch?v=0DOMlNJ9sOk,2023-01-09T05:17:39.894Z,,
https://www.youtube.com/watch?v=BebQwqnk0hM,2023-01-09T05:10:05.174Z,,
https://www.youtube.com/watch?v=rbjAilk31Sg,2023-01-09T05:07:30.467Z,,
https://www.youtube.com/watch?v=XXndoMK3Uf4,2023-01-09T05:04:42.355Z,,
https://www.youtube.com/watch?v=3Dpdw9nUiaE,2023-01-09T05:01:50.243Z,,
https://www.youtube.com/watch?v=k0O_-w4AoEY,2023-01-09T05:00:46.846Z,,
https://www.youtube.com/watch?v=T_ATneWGkDc,2023-01-09T05:00:32.972Z,,
https://www.youtube.com/watch?v=DmzUQ9LH5Zc,2023-01-09T04:59:31.081Z,,
https://www.youtube.com/watch?v=VcwGU0r_TdI,2023-01-09T04:59:03.054Z,,
https://www.youtube.com/watch?v=-Lj9Q36lR58,2023-01-09T04:58:31.871Z,,
https://www.youtube.com/watch?v=jkxt2F7JFZ4,2023-01-09T04:57:48.459Z,,
https://www.youtube.com/watch?v=wexCsGZKPZE,2023-01-09T04:55:22.067Z,,
https://www.youtube.com/watch?v=9tDzvJMXDRw,2023-01-09T04:55:05.771Z,,
https://www.youtube.com/watch?v=kqtbKh5xalA,2023-01-09T04:49:00.685Z,,
https://www.youtube.com/watch?v=rOM4rda0L4Q,2023-01-08T19:20:42.655Z,,
https://www.youtube.com/watch?v=bNpx7gpSqbY,2023-01-08T19:14:07.381Z,,
https://www.youtube.com/watch?v=IP0cUBWTgpY,2023-01-08T19:11:57.328Z,,
https://www.youtube.com/watch?v=-UJXlgPuJXw,2023-01-08T19:11:50.254Z,,
https://www.youtube.com/watch?v=3TuDO7GElWA,2023-01-08T18:59:08.198Z,,
https://www.youtube.com/watch?v=ZpOy0-QBVPM,2023-01-08T10:31:43.584Z,,
https://www.youtube.com/watch?v=WPni755-Krg,2023-01-08T10:31:40.321Z,,
https://www.youtube.com/watch?v=CdM2N-RHViU,2023-01-08T10:27:38.492Z,,
https://www.youtube.com/watch?v=KSOYOblSjqY,2023-01-08T10:26:34.969Z,,
https://www.youtube.com/watch?v=4vIQON2fDWM,2023-01-08T09:31:30.813Z,,
https://www.youtube.com/watch?v=oDqjPvD54Ss,2023-01-08T08:49:33.010Z,,
https://www.youtube.com/watch?v=oU1Q5ryzo4o,2023-01-08T08:26:42.123Z,,
https://www.youtube.com/watch?v=IfG82m3O6IY,2023-01-08T08:10:15.853Z,,
https://www.youtube.com/watch?v=YOsVpoe5tzY,2023-01-08T08:09:35.329Z,,
https://www.youtube.com/watch?v=_RHIECWv728,2023-01-08T07:51:26.625Z,,
https://www.youtube.com/watch?v=9tDzvJMXDRw,2023-01-08T07:46:11.608Z,,
https://www.youtube.com/watch?v=mFvdHfhVIsQ,2023-01-08T05:00:38.446Z,,
https://www.youtube.com/watch?v=ydYBRLoBUpY,2023-01-08T04:44:16.261Z,,
https://www.youtube.com/watch?v=Y6AA4_2pYPI,2023-01-07T19:35:53.270Z,,
https://www.youtube.com/watch?v=reFJMN_-97Q,2023-01-07T18:41:25.033Z,,
https://www.youtube.com/watch?v=KxF5-v8SfyQ,2023-01-07T18:40:05.144Z,,
https://www.youtube.com/watch?v=xObhZ0Ga7EQ,2023-01-07T18:28:46.242Z,,
https://www.youtube.com/watch?v=uaGz82QEluw,2023-01-07T18:11:49.990Z,,
https://www.youtube.com/watch?v=gS8PJ7Z_mOs,2023-01-07T18:10:43.102Z,,
https://www.youtube.com/watch?v=jqBuXibX9CM,2023-01-07T18:02:18.925Z,,
https://www.youtube.com/watch?v=_gLp3YQgM84,2023-01-07T18:00:34.064Z,,
https://www.youtube.com/watch?v=BPATmM9HiTY,2023-01-07T17:59:00.257Z,,
https://www.youtube.com/watch?v=XXndoMK3Uf4,2023-01-07T17:34:45.676Z,,
https://www.youtube.com/watch?v=jQDDmWnd0K8,2023-01-07T17:33:54.818Z,,
https://www.youtube.com/watch?v=9tDzvJMXDRw,2023-01-07T17:22:22.793Z,,
https://www.youtube.com/watch?v=dlmdbpuaD5M,2023-01-07T17:11:37.900Z,,
https://www.youtube.com/watch?v=F0_YTXENCzg,2023-01-07T16:43:57.469Z,,
https://www.youtube.com/watch?v=NQ63vKhD0_w,2023-01-07T15:40:05.915Z,,
https://www.youtube.com/watch?v=nxVnU77GJlM,2023-01-07T14:59:52.529Z,,
https://www.youtube.com/watch?v=EvfBbtw-2eI,2023-01-07T14:26:00.946Z,,
https://www.youtube.com/watch?v=8dLaGiJK1hA,2023-01-07T09:58:08.017Z,,
https://www.youtube.com/watch?v=vTJJMQcYRJY,2023-01-07T09:44:07.003Z,,
https://www.youtube.com/watch?v=HWAt8j9WLB0,2023-01-07T09:40:31.278Z,,
https://www.youtube.com/watch?v=23Vf3YrKZdE,2023-01-07T09:15:54.079Z,From Google Ads,
https://www.youtube.com/watch?v=PdZc6jc215k,2023-01-07T09:04:21.603Z,,
https://www.youtube.com/watch?v=BfwR2G_29RU,2023-01-07T09:03:39.539Z,,
https://www.youtube.com/watch?v=9N8tgfbBTwM,2023-01-06T20:05:52.928Z,,
https://www.youtube.com/watch?v=HPyCD7hxP0E,2023-01-06T20:05:37.762Z,,
https://www.youtube.com/watch?v=l5dwntmqOLU,2023-01-06T20:04:43.415Z,,
https://www.youtube.com/watch?v=9tDzvJMXDRw,2023-01-06T20:00:57.380Z,,
https://www.youtube.com/watch?v=Ijz36jEDJ5U,2023-01-06T20:00:49.852Z,,
https://www.youtube.com/watch?v=xZqfPKftH_Q,2023-01-06T20:00:23.069Z,,
https://www.youtube.com/watch?v=WNeUGOF9J6A,2023-01-06T20:00:06.862Z,,
https://www.youtube.com/watch?v=O0uWPrI9_pA,2023-01-06T19:59:54.793Z,,
https://www.youtube.com/watch?v=i0A1QYw8fF8,2023-01-06T14:33:00.322Z,,
https://www.youtube.com/watch?v=02o-gxQy130,2023-01-06T12:54:23.646Z,,
https://www.youtube.com/watch?v=lIW5jBrrsS0,2023-01-06T12:27:02.589Z,,
https://www.youtube.com/watch?v=TQXMl4GycD0,2023-01-06T12:23:42.032Z,,
https://www.youtube.com/watch?v=hF0zqiiMgOk,2023-01-06T12:17:30.654Z,,
https://www.youtube.com/watch?v=3E7hkPZ-HTk,2023-01-06T10:23:42.038Z,,
https://www.youtube.com/watch?v=_z8M7oxjvdw,2023-01-06T10:15:57.281Z,,
https://www.youtube.com/watch?v=JsT3KPYJFl4,2023-01-06T10:15:40.923Z,,
https://www.youtube.com/watch?v=GUHf9zpKLl4,2023-01-06T10:08:24.862Z,,
https://www.youtube.com/watch?v=auMQFuUkLD0,2023-01-06T09:55:18.104Z,,
https://www.youtube.com/watch?v=pNA08Cje0yM,2023-01-06T09:55:15.403Z,,
https://www.youtube.com/watch?v=Niqb_370pMo,2023-01-06T09:49:42.305Z,,
https://www.youtube.com/watch?v=x5rkLMi9wlA,2023-01-05T18:23:28.122Z,,
https://www.youtube.com/watch?v=jmCGdJjoMYo,2023-01-05T18:21:17.288Z,,
https://www.youtube.com/watch?v=L4i9tvYqVxg,2023-01-05T14:56:51.622Z,,
https://www.youtube.com/watch?v=wzJAdFpiH00,2023-01-05T14:55:57.121Z,,
https://www.youtube.com/watch?v=oZBRX9JJl3o,2023-01-05T14:55:33.196Z,,
https://www.youtube.com/watch?v=qSRRV_GZZ2s,2023-01-05T14:55:23.108Z,,
https://www.youtube.com/watch?v=DDpUwhQDXHM,2023-01-05T14:54:43.293Z,,
https://www.youtube.com/watch?v=LH2YpQBHFBc,2023-01-05T14:54:11.370Z,,
https://www.youtube.com/watch?v=XIdUnj3FDQY,2023-01-05T14:53:58.523Z,,
https://www.youtube.com/watch?v=a3W5Zd54iCw,2023-01-05T14:53:03.131Z,,
https://www.youtube.com/watch?v=uXu_qFCOLi4,2023-01-05T14:52:29.500Z,,
https://www.youtube.com/watch?v=otVxde5ghXA,2023-01-05T14:52:19.844Z,,
https://www.youtube.com/watch?v=iJwjxeT5oGY,2023-01-05T14:52:13.409Z,,
https://www.youtube.com/watch?v=qBxTfzSd02k,2023-01-05T14:51:17.552Z,,
https://www.youtube.com/watch?v=nk-V68OV298,2023-01-05T14:50:23.274Z,,
https://www.youtube.com/watch?v=6pXWFUcqIhc,2023-01-05T14:49:32.803Z,,
https://www.youtube.com/watch?v=Or2PT88oY-w,2023-01-05T14:49:26.389Z,,
https://www.youtube.com/watch?v=wexCsGZKPZE,2023-01-05T14:45:14.766Z,,
https://www.youtube.com/watch?v=opI6bCujVes,2023-01-05T14:40:48.973Z,,
https://www.youtube.com/watch?v=-UlejAFINeE,2023-01-05T10:20:43.637Z,,
https://www.youtube.com/watch?v=1j4hXdfp5R8,2023-01-05T10:19:50.074Z,,
https://www.youtube.com/watch?v=Czru2CuWyxQ,2023-01-05T10:19:15.433Z,,
https://www.youtube.com/watch?v=bXYAWCAIqRE,2023-01-05T08:45:06.838Z,,
https://www.youtube.com/watch?v=AKAkOW6bBv0,2023-01-05T08:44:50.581Z,,
https://www.youtube.com/watch?v=TtcXo4g-UNg,2023-01-05T08:44:11.940Z,,
https://www.youtube.com/watch?v=xCE2H_1wBic,2023-01-05T08:44:04.621Z,,
https://www.youtube.com/watch?v=1nFrHCT_SJA,2023-01-05T08:43:26.035Z,,
https://www.youtube.com/watch?v=iekpz3Afq5I,2023-01-05T08:42:50.846Z,,
https://www.youtube.com/watch?v=7KtRiZ-wJns,2023-01-05T08:42:34.651Z,,
https://www.youtube.com/watch?v=lkZ296rQHQs,2023-01-05T08:42:32.255Z,,
https://www.youtube.com/watch?v=43RbxUCizzY,2023-01-05T08:41:57.232Z,,
https://www.youtube.com/watch?v=ikI5qgwDB1U,2023-01-05T08:40:18.494Z,,
https://www.youtube.com/watch?v=q_xm5Weu3nE,2023-01-05T08:24:51.834Z,,
https://www.youtube.com/watch?v=lv3e8O2N1PE,2023-01-05T08:18:44.016Z,,
https://www.youtube.com/watch?v=PS6QBarL9UQ,2023-01-05T08:13:42.669Z,,
https://www.youtube.com/watch?v=tzpmhg_HP5U,2023-01-05T06:53:07.927Z,,
https://www.youtube.com/watch?v=E6xPeN5o0IA,2023-01-05T06:48:38.154Z,,
https://www.youtube.com/watch?v=U94yu-uj108,2023-01-05T06:05:40.364Z,,
https://www.youtube.com/watch?v=dEPsadPXlXw,2023-01-05T05:26:51.765Z,,
https://www.youtube.com/watch?v=x8HqjqV3y-4,2023-01-05T03:34:41.502Z,,
https://www.youtube.com/watch?v=AckoN8vkDoM,2023-01-04T19:10:55.082Z,,
https://www.youtube.com/watch?v=nw2o2gN543w,2023-01-04T19:06:49.798Z,,
https://www.youtube.com/watch?v=-HcGHvRXrC0,2023-01-04T18:50:44.119Z,,
https://www.youtube.com/watch?v=iwzGsUfDHBE,2023-01-04T18:43:39.559Z,,
https://www.youtube.com/watch?v=SaILY4sh9SY,2023-01-04T17:07:03.261Z,,
https://www.youtube.com/watch?v=0WVH96586ws,2023-01-04T16:41:14.617Z,,
https://www.youtube.com/watch?v=ITXezllE-LE,2023-01-04T09:40:45.817Z,,
https://www.youtube.com/watch?v=LMELPA8J6LM,2023-01-04T09:15:16.869Z,,
https://www.youtube.com/watch?v=XXBjf-7FmfI,2023-01-04T09:14:16.577Z,,
https://www.youtube.com/watch?v=JWTqsNvtwP4,2023-01-04T09:13:44.667Z,,
https://www.youtube.com/watch?v=We3YDTzNXEk,2023-01-04T08:55:02.915Z,,
https://www.youtube.com/watch?v=eP8JhBvJu0k,2023-01-04T04:10:36.378Z,,
https://www.youtube.com/watch?v=nncVRXEQxE8,2023-01-04T03:49:24.926Z,,
https://www.youtube.com/watch?v=lEdp2KdM06E,2023-01-04T03:48:04.653Z,,
https://www.youtube.com/watch?v=dIr-EkeTU2g,2023-01-04T03:47:29.342Z,From Google Ads,
https://www.youtube.com/watch?v=56AD4lejvag,2023-01-04T03:43:32.144Z,,
https://www.youtube.com/watch?v=rKMEkQ-e9I8,2023-01-03T17:19:34.046Z,,
https://www.youtube.com/watch?v=atkAy_XYDKo,2023-01-03T14:12:33.985Z,,
https://www.youtube.com/watch?v=bclLXd9qyOg,2023-01-03T14:01:00.392Z,,
https://www.youtube.com/watch?v=LVyLseOZMks,2023-01-03T14:00:41.062Z,,
https://www.youtube.com/watch?v=b9gV17Yy0g8,2023-01-03T14:00:32.024Z,,
https://www.youtube.com/watch?v=Qdl_9f8vHvo,2023-01-03T13:59:35.965Z,,
https://www.youtube.com/watch?v=EQXw1tn--wM,2023-01-03T13:58:56.681Z,,
https://www.youtube.com/watch?v=LNz0yNMXtpk,2023-01-03T13:58:33.393Z,,
https://www.youtube.com/watch?v=XX2xjcNYiCI,2023-01-03T13:57:45.692Z,,
https://www.youtube.com/watch?v=lEi058UQWLc,2023-01-03T13:50:19.118Z,,
https://www.youtube.com/watch?v=yJFjFu1h128,2023-01-03T10:59:50.379Z,,
https://www.youtube.com/watch?v=MsIYt-KX8R0,2023-01-03T10:02:54.828Z,,
https://www.youtube.com/watch?v=2T1eTM2NFL4,2023-01-03T05:34:12.550Z,,
https://www.youtube.com/watch?v=_fmbm4oeyjM,2023-01-02T21:43:45.169Z,,
https://www.youtube.com/watch?v=9tDzvJMXDRw,2023-01-02T21:31:11.206Z,,
https://www.youtube.com/watch?v=g7G-cp_GO_0,2023-01-02T21:08:16.975Z,,
https://www.youtube.com/watch?v=kICh_d6tHQk,2023-01-02T21:02:35.516Z,,
https://www.youtube.com/watch?v=5qVasyOgYmg,2023-01-02T21:00:58.439Z,,
https://www.youtube.com/watch?v=c80Kd8ctwkw,2023-01-02T20:59:04.219Z,,
https://www.youtube.com/watch?v=nmZPGKhdCIM,2023-01-02T09:15:40.545Z,,
https://www.youtube.com/watch?v=2u9M6M2ibco,2023-01-02T09:15:20.126Z,,
https://www.youtube.com/watch?v=SoRsa_I8qWA,2023-01-02T08:41:38.498Z,,
https://www.youtube.com/watch?v=loGAyJTbu88,2023-01-02T07:44:23.225Z,,
https://www.youtube.com/watch?v=M77sNp0GfQ4,2023-01-02T07:43:39.612Z,,
https://www.youtube.com/watch?v=fjdjE3vNTpQ,2023-01-02T07:14:29.008Z,,
https://www.youtube.com/watch?v=8Lob2utYdAs,2023-01-02T07:06:25.562Z,,
https://www.youtube.com/watch?v=NcHPkW-eWk8,2023-01-02T06:12:50.267Z,,
https://www.youtube.com/watch?v=KZQOz3hDOns,2023-01-01T18:34:34.126Z,,
https://www.youtube.com/watch?v=nIZiOobw0Vs,2023-01-01T18:33:28.350Z,,
https://www.youtube.com/watch?v=SPfmSL9jRzo,2023-01-01T18:23:29.098Z,,
https://www.youtube.com/watch?v=kDamhcqe-d0,2023-01-01T18:20:39.260Z,,
https://www.youtube.com/watch?v=F_DXY7uBVLA,2023-01-01T18:02:12.083Z,,
https://www.youtube.com/watch?v=knPdMQ44jKc,2023-01-01T18:00:30.270Z,,
https://www.youtube.com/watch?v=vMAtY6Y1vx4,2023-01-01T14:31:36.851Z,,
https://www.youtube.com/watch?v=O8EyzcmtdQE,2023-01-01T13:55:48.860Z,,
https://www.youtube.com/watch?v=QE4NEqmtgF8,2023-01-01T13:30:19.551Z,,
https://www.youtube.com/watch?v=xVo2d91n-Lc,2023-01-01T13:27:03.068Z,,
https://www.youtube.com/watch?v=Qk5ftIUMJsM,2023-01-01T13:22:19.670Z,,
https://www.youtube.com/watch?v=LH0yWSur3aA,2023-01-01T13:09:19.037Z,,
https://www.youtube.com/watch?v=zIV9-i8oyq0,2023-01-01T12:08:24.383Z,,
https://www.youtube.com/watch?v=bCeWncuIfoc,2023-01-01T11:55:59.987Z,,
https://www.youtube.com/watch?v=ponj6p2-iLQ,2023-01-01T11:55:54.686Z,,
https://www.youtube.com/watch?v=os3P0wfUhMU,2023-01-01T11:51:46.577Z,,
https://www.youtube.com/watch?v=yYWvUoN4yt8,2023-01-01T11:46:05.377Z,,
https://www.youtube.com/watch?v=3ZnhLHEkuZM,2023-01-01T11:41:17.209Z,,
https://www.youtube.com/watch?v=YucXxma_-ko,2023-01-01T11:41:08.251Z,,
https://www.youtube.com/watch?v=G9g4U1zX1CE,2023-01-01T11:39:18.236Z,,
https://www.youtube.com/watch?v=pht788lliJU,2023-01-01T11:35:39.210Z,,
,2023-01-01T11:33:54.661Z,,
,2023-01-01T11:33:53.339Z,,
,2023-01-01T11:33:19.617Z,,
,2023-01-01T11:33:06.787Z,,
,2023-01-01T11:32:25.842Z,,
https://www.youtube.com/watch?v=IPXnfBGzZL4,2023-01-01T11:12:54.237Z,,
https://www.youtube.com/watch?v=MW8zzgb3P3M,2023-01-01T11:01:17.424Z,,
https://www.youtube.com/watch?v=S8kam22dsQA,2023-01-01T10:30:32.639Z,,
https://www.youtube.com/watch?v=beEaTmnK46c,2023-01-01T07:44:34.277Z,,
https://www.youtube.com/watch?v=pN41zAmmuj0,2023-01-01T07:43:44.967Z,,
https://www.youtube.com/watch?v=cLAi7DV8dsg,2023-01-01T07:42:45.945Z,,
https://www.youtube.com/watch?v=qU075TO0JwE,2023-01-01T07:40:26.617Z,,
https://www.youtube.com/watch?v=u1U21YeLHb8,2023-01-01T07:38:53.608Z,,
https://www.youtube.com/watch?v=4b12nC5gnRU,2023-01-01T07:36:45.513Z,,
https://www.youtube.com/watch?v=qAazEN4Ol78,2023-01-01T07:30:37.235Z,,
https://www.youtube.com/watch?v=zI0YozXFF_8,2023-01-01T07:20:14.350Z,,
https://www.youtube.com/watch?v=x2QO9YyYjWk,2023-01-01T07:18:24.038Z,,
https://www.youtube.com/watch?v=9ET4m2pU1UQ,2023-01-01T07:18:14.697Z,,
https://www.youtube.com/watch?v=EdFkzyz4wHw,2023-01-01T07:10:22.187Z,,
https://www.youtube.com/watch?v=xvY9jfeqPmE,2023-01-01T05:09:40.248Z,,
https://www.youtube.com/watch?v=F585oPrRd2s,2023-01-01T05:02:44.591Z,,
https://www.youtube.com/watch?v=XYKuslcJp7A,2023-01-01T05:02:43.091Z,,
https://www.youtube.com/watch?v=dCXcrFdovIE,2023-01-01T05:02:28.479Z,,
https://www.youtube.com/watch?v=XjV4HYZTJB8,2023-01-01T04:48:15.971Z,,
